country_region,2020-02-15,2020-02-16,2020-02-17,2020-02-18,2020-02-19,2020-02-20,2020-02-21,2020-02-22,2020-02-23,2020-02-24,2020-02-25,2020-02-26,2020-02-27,2020-02-28,2020-02-29,2020-03-01,2020-03-02,2020-03-03,2020-03-04,2020-03-05,2020-03-06,2020-03-07,2020-03-08,2020-03-09,2020-03-10,2020-03-11,2020-03-12,2020-03-13,2020-03-14,2020-03-15,2020-03-16,2020-03-17,2020-03-18,2020-03-19,2020-03-20,2020-03-21,2020-03-22,2020-03-23,2020-03-24,2020-03-25,2020-03-26,2020-03-27,2020-03-28,2020-03-29,2020-03-30,2020-03-31,2020-04-01,2020-04-02,2020-04-03,2020-04-04,2020-04-05,2020-04-06,2020-04-07,2020-04-08,2020-04-09,2020-04-10,2020-04-11,2020-04-12,2020-04-13,2020-04-14,2020-04-15,2020-04-16,2020-04-17,2020-04-18,2020-04-19,2020-04-20,2020-04-21,2020-04-22,2020-04-23,2020-04-24,2020-04-25,2020-04-26,2020-04-27,2020-04-28,2020-04-29,2020-04-30,2020-05-01,2020-05-02,2020-05-03,2020-05-04,2020-05-05,2020-05-06,2020-05-07,2020-05-08,2020-05-09,2020-05-10,2020-05-11,2020-05-12,2020-05-13
Afghanistan,-28.0,4.0,5.0,6.0,5.0,6.0,6.0,6.0,6.0,7.0,7.0,5.0,7.0,5.0,6.0,9.0,8.0,8.0,7.0,10.0,8.0,7.0,7.0,-22.0,6.0,3.0,6.0,5.0,3.0,3.0,1.0,1.0,-1.0,-2.0,-7.0,-36.0,-6.0,-3.0,-5.0,-10.0,-10.0,-2.0,-27.0,-33.0,-37.0,-38.0,-37.0,-35.0,-12.0,-34.0,-38.0,-40.0,-39.0,-42.0,-40.0,-16.0,-38.0,-41.0,-41.0,-42.0,-42.0,-39.0,-13.0,-36.0,-40.0,-38.0,-40.0,-38.0,-37.0,-9.0,-33.0,-37.0,-47.0,-35.0,-34.0,-33.0,-8.0,-33.0,-38.0,-35.0,-36.0,-34.0,-32.0,-3.0,-30.0,-34.0,-31.0,-32.0,-30.0
Angola,2.0,-5.0,5.0,5.0,4.0,4.0,5.0,-1.0,-6.0,-63.0,-69.0,2.0,4.0,4.0,5.0,5.0,8.0,8.0,8.0,9.0,8.0,3.0,0.0,8.0,8.0,8.0,8.0,8.0,2.0,-4.0,7.0,6.0,5.0,5.0,3.0,-1.0,-10.0,-68.0,-14.0,-22.0,-27.0,-47.0,-22.0,-11.0,-54.0,-55.0,-55.0,-55.0,-53.0,-36.0,-17.0,-52.0,-54.0,-53.0,-53.0,-69.0,-31.0,-18.0,-51.0,-51.0,-52.0,-51.0,-50.0,-35.0,-18.0,-49.0,-49.0,-50.0,-49.0,-47.0,-24.0,-9.0,-33.0,-33.0,-32.0,-31.0,-64.0,-9.0,-4.0,-30.0,-32.0,-31.0,-30.0,-28.0,-5.0,-3.0,-27.0,-28.0,-28.0
Antigua and Barbuda,0.0,3.0,0.0,5.0,2.0,-1.0,-9.0,5.0,-1.0,1.0,2.0,2.0,0.0,3.0,6.0,2.0,2.0,3.0,2.0,2.0,5.0,7.0,1.0,2.0,4.0,5.0,2.0,5.0,1.0,-7.0,-15.0,-15.0,-19.0,-21.0,-20.0,-13.0,-22.0,-26.0,-28.0,-27.0,-31.0,-29.0,-37.0,-48.0,-44.0,-48.0,-53.0,-82.0,-81.0,-73.0,-66.0,-80.0,-79.0,-79.0,-76.0,-91.0,-68.0,-65.0,-86.0,-75.0,-73.0,-73.0,-69.0,-63.0,-59.0,-68.0,-69.0,-66.0,-63.0,-59.0,-54.0,-53.0,-56.0,-56.0,-55.0,-55.0,-52.0,-47.0,-50.0,-82.0,-51.0,-49.0,-51.0,-48.0,-45.0,-44.0,-47.0,-46.0,-46.0
Argentina,-23.0,-83.0,277.0,276.0,336.0,273.0,288.0,-22.0,-62.0,-1200.0,-1086.0,367.0,371.0,384.0,83.0,-23.0,545.0,541.0,577.0,584.0,597.0,108.0,24.0,475.0,595.0,578.0,575.0,562.0,24.0,-159.0,25.0,-231.0,-457.0,-618.0,-1359.0,-1322.0,-1329.0,-1845.0,-1853.0,-1564.0,-1564.0,-1519.0,-1350.0,-1311.0,-1548.0,-1753.0,-1443.0,-1471.0,-1373.0,-1193.0,-1168.0,-1321.0,-1309.0,-1282.0,-1433.0,-1791.0,-1148.0,-1093.0,-1180.0,-1169.0,-1145.0,-1152.0,-1117.0,-986.0,-1082.0,-1049.0,-1067.0,-1036.0,-1036.0,-999.0,-899.0,-1052.0,-972.0,-963.0,-901.0,-891.0,-1683.0,-822.0,-923.0,-819.0,-831.0,-775.0,-767.0,-709.0,-587.0,-726.0,-651.0,-654.0,-624.0
Aruba,-2.0,-1.0,-20.0,-13.0,-14.0,-13.0,-15.0,-6.0,-8.0,-62.0,-1.0,0.0,1.0,6.0,4.0,4.0,1.0,1.0,1.0,2.0,6.0,2.0,-2.0,1.0,1.0,1.0,1.0,3.0,-3.0,-5.0,-21.0,-29.0,-74.0,-40.0,-41.0,-40.0,-46.0,-48.0,-51.0,-53.0,-55.0,-52.0,-51.0,-72.0,-71.0,-70.0,-69.0,-69.0,-66.0,-64.0,-64.0,-66.0,-67.0,-66.0,-66.0,-91.0,-64.0,-75.0,-89.0,-64.0,-64.0,-63.0,-61.0,-58.0,-60.0,-60.0,-61.0,-59.0,-60.0,-57.0,-55.0,-57.0,-84.0,-56.0,-56.0,-55.0,-81.0,-51.0,-50.0,-49.0,-47.0,-47.0,-46.0,-43.0,-44.0,-41.0,-44.0,-43.0,-43.0
Australia,22.0,-2.0,167.0,136.0,131.0,131.0,155.0,29.0,-4.0,169.0,146.0,133.0,134.0,163.0,39.0,2.0,92.0,145.0,143.0,131.0,153.0,17.0,-5.0,-206.0,133.0,140.0,131.0,152.0,30.0,2.0,142.0,82.0,56.0,40.0,45.0,-31.0,-85.0,-1.0,-113.0,-146.0,-188.0,-182.0,-227.0,-271.0,-231.0,-278.0,-287.0,-302.0,-278.0,-281.0,-301.0,-283.0,-312.0,-306.0,-319.0,-723.0,-343.0,-352.0,-688.0,-353.0,-336.0,-336.0,-317.0,-255.0,-284.0,-279.0,-294.0,-293.0,-295.0,-276.0,-370.0,-271.0,-335.0,-255.0,-258.0,-261.0,-237.0,-232.0,-241.0,-349.0,-225.0,-226.0,-227.0,-203.0,-198.0,-198.0,-185.0,-199.0,-195.0
Austria,-8.0,7.0,-28.0,-26.0,-32.0,-36.0,-35.0,23.0,25.0,14.0,-7.0,-3.0,15.0,9.0,4.0,16.0,25.0,18.0,16.0,15.0,12.0,-1.0,11.0,8.0,6.0,-7.0,-26.0,-52.0,-95.0,-184.0,-426.0,-538.0,-565.0,-588.0,-587.0,-538.0,-546.0,-592.0,-604.0,-605.0,-610.0,-597.0,-495.0,-517.0,-576.0,-580.0,-578.0,-582.0,-585.0,-480.0,-469.0,-569.0,-573.0,-569.0,-582.0,-625.0,-455.0,-455.0,-878.0,-520.0,-505.0,-504.0,-507.0,-365.0,-423.0,-470.0,-469.0,-467.0,-472.0,-483.0,-340.0,-346.0,-439.0,-438.0,-448.0,-439.0,-819.0,-257.0,-310.0,-364.0,-375.0,-364.0,-371.0,-384.0,-208.0,-188.0,-347.0,-343.0,-339.0
Bahrain,3.0,7.0,5.0,5.0,5.0,5.0,3.0,3.0,7.0,5.0,4.0,-3.0,-4.0,1.0,3.0,-2.0,-3.0,-4.0,-3.0,-4.0,0.0,3.0,3.0,1.0,0.0,0.0,0.0,-2.0,-1.0,0.0,-2.0,-3.0,-7.0,-10.0,-18.0,-12.0,-11.0,-16.0,-19.0,-20.0,-24.0,-36.0,-26.0,-25.0,-26.0,-26.0,-26.0,-26.0,-33.0,-22.0,-24.0,-26.0,-26.0,-26.0,-26.0,-29.0,-20.0,-22.0,-23.0,-24.0,-24.0,-23.0,-25.0,-17.0,-20.0,-22.0,-22.0,-22.0,-23.0,-31.0,-21.0,-24.0,-25.0,-26.0,-27.0,-27.0,-30.0,-38.0,-41.0,-25.0,-25.0,-26.0,-24.0,-21.0,-16.0,-20.0,-22.0,-23.0,-24.0
Bangladesh,8.0,8.0,5.0,5.0,5.0,7.0,0.0,8.0,11.0,7.0,6.0,7.0,8.0,6.0,11.0,12.0,8.0,7.0,8.0,11.0,-4.0,13.0,13.0,6.0,8.0,9.0,11.0,7.0,11.0,13.0,9.0,-33.0,0.0,1.0,4.0,0.0,-5.0,-14.0,-20.0,-36.0,-66.0,-38.0,-54.0,-60.0,-61.0,-60.0,-59.0,-59.0,-35.0,-51.0,-54.0,-60.0,-63.0,-63.0,-63.0,-43.0,-58.0,-61.0,-63.0,-66.0,-62.0,-59.0,-38.0,-55.0,-59.0,-61.0,-61.0,-60.0,-58.0,-35.0,-54.0,-56.0,-56.0,-55.0,-53.0,-50.0,-33.0,-42.0,-47.0,-49.0,-48.0,-52.0,-43.0,-21.0,-34.0,-37.0,-40.0,-40.0,-40.0
Barbados,-1.0,6.0,7.0,20.0,-1.0,7.0,15.0,5.0,9.0,11.0,25.0,13.0,10.0,13.0,6.0,10.0,20.0,34.0,21.0,7.0,19.0,-5.0,11.0,23.0,36.0,8.0,3.0,16.0,4.0,4.0,7.0,13.0,-81.0,-124.0,-121.0,-49.0,-78.0,-206.0,-232.0,-299.0,-310.0,-260.0,-190.0,-263.0,-632.0,-643.0,-663.0,-685.0,-711.0,-566.0,-378.0,-834.0,-658.0,-793.0,-790.0,-632.0,-527.0,-352.0,-715.0,-758.0,-724.0,-731.0,-699.0,-419.0,-307.0,-701.0,-698.0,-699.0,-719.0,-697.0,-415.0,-294.0,-682.0,-780.0,-679.0,-672.0,-867.0,-391.0,-281.0,-545.0,-542.0,-492.0,-567.0,-536.0,-324.0,-190.0,-510.0,-516.0,-516.0
Belarus,4.0,4.0,5.0,5.0,5.0,5.0,5.0,7.0,6.0,6.0,6.0,7.0,6.0,6.0,5.0,5.0,7.0,7.0,7.0,7.0,8.0,2.0,4.0,5.0,7.0,7.0,7.0,5.0,2.0,5.0,4.0,3.0,2.0,1.0,1.0,-1.0,1.0,-2.0,-2.0,-3.0,-4.0,-5.0,-4.0,3.0,-14.0,-14.0,-17.0,-19.0,-20.0,43.0,-9.0,-22.0,-23.0,-24.0,-25.0,-26.0,-22.0,-12.0,-25.0,-25.0,-26.0,-26.0,-27.0,-25.0,-25.0,-22.0,-20.0,-19.0,-20.0,-20.0,4.0,-9.0,-70.0,-77.0,-23.0,-25.0,-66.0,-30.0,-6.0,-18.0,-19.0,-19.0,-19.0,-20.0,-32.0,-4.0,-17.0,-19.0,-17.0
Belgium,5.0,-13.0,13.0,18.0,17.0,10.0,7.0,-6.0,-17.0,-95.0,-88.0,-80.0,-89.0,-89.0,-16.0,-5.0,10.0,14.0,14.0,8.0,5.0,6.0,-7.0,4.0,1.0,1.0,-7.0,-34.0,-111.0,-120.0,-153.0,-187.0,-217.0,-254.0,-257.0,-211.0,-200.0,-269.0,-272.0,-269.0,-274.0,-270.0,-214.0,-216.0,-272.0,-273.0,-267.0,-274.0,-269.0,-209.0,-194.0,-271.0,-272.0,-266.0,-272.0,-271.0,-196.0,-188.0,-353.0,-272.0,-263.0,-267.0,-262.0,-188.0,-174.0,-251.0,-250.0,-242.0,-249.0,-245.0,-165.0,-154.0,-243.0,-243.0,-235.0,-239.0,-334.0,-159.0,-142.0,-224.0,-223.0,-214.0,-219.0,-215.0,-123.0,-82.0,-204.0,-200.0,-195.0
Belize,4.0,1.0,0.0,0.0,3.0,-12.0,3.0,2.0,1.0,1.0,2.0,3.0,0.0,2.0,5.0,0.0,2.0,2.0,4.0,2.0,-1.0,-1.0,-4.0,-62.0,3.0,4.0,1.0,3.0,4.0,-1.0,1.0,-1.0,0.0,-4.0,-3.0,-7.0,-17.0,-30.0,-43.0,-45.0,-49.0,-46.0,-42.0,-42.0,-50.0,-50.0,-53.0,-64.0,-62.0,-57.0,-57.0,-66.0,-69.0,-69.0,-70.0,-87.0,-68.0,-71.0,-84.0,-71.0,-69.0,-70.0,-68.0,-58.0,-72.0,-66.0,-67.0,-67.0,-67.0,-64.0,-54.0,-50.0,-57.0,-58.0,-57.0,-57.0,-75.0,-43.0,-44.0,-46.0,-47.0,-45.0,-47.0,-44.0,-34.0,-29.0,-42.0,-43.0,-42.0
Benin,2.0,0.0,1.0,1.0,2.0,1.0,1.0,0.0,-1.0,-3.0,-3.0,-3.0,-4.0,-3.0,-2.0,1.0,1.0,1.0,3.0,2.0,2.0,2.0,3.0,3.0,4.0,4.0,4.0,5.0,1.0,2.0,4.0,4.0,4.0,2.0,2.0,2.0,0.0,-1.0,-6.0,-2.0,-3.0,-4.0,0.0,2.0,-17.0,-16.0,-14.0,-14.0,-13.0,-6.0,1.0,-15.0,-17.0,-15.0,-17.0,-16.0,-4.0,-1.0,-50.0,-15.0,-15.0,-16.0,-14.0,-1.0,0.0,-15.0,-15.0,-15.0,-14.0,-13.0,0.0,-1.0,-14.0,-15.0,-14.0,-13.0,-41.0,-1.0,0.0,-13.0,-12.0,-10.0,-10.0,-9.0,4.0,2.0,-7.0,-7.0,-7.0
Bolivia,8.0,4.0,17.0,17.0,20.0,17.0,13.0,-4.0,-4.0,-62.0,-68.0,4.0,15.0,16.0,8.0,0.0,17.0,18.0,22.0,21.0,20.0,9.0,2.0,19.0,19.0,22.0,18.0,-1.0,-1.0,-4.0,-13.0,-14.0,-19.0,-24.0,-28.0,-24.0,-56.0,-77.0,-78.0,-78.0,-81.0,-80.0,-84.0,-72.0,-79.0,-79.0,-78.0,-78.0,-76.0,-83.0,-71.0,-76.0,-77.0,-75.0,-75.0,-87.0,-71.0,-70.0,-75.0,-77.0,-76.0,-75.0,-74.0,-81.0,-69.0,-73.0,-75.0,-73.0,-73.0,-72.0,-80.0,-68.0,-71.0,-72.0,-71.0,-70.0,-83.0,-65.0,-63.0,-68.0,-70.0,-69.0,-68.0,-67.0,-76.0,-61.0,-63.0,-65.0,-62.0
Bosnia and Herzegovina,1.0,-1.0,12.0,11.0,9.0,7.0,13.0,0.0,-1.0,14.0,12.0,8.0,7.0,12.0,2.0,-3.0,-28.0,12.0,9.0,9.0,14.0,3.0,7.0,13.0,12.0,5.0,-4.0,-5.0,-8.0,-10.0,-13.0,-24.0,-34.0,-39.0,-39.0,-45.0,-52.0,-48.0,-53.0,-55.0,-55.0,-52.0,-51.0,-50.0,-50.0,-52.0,-53.0,-52.0,-49.0,-48.0,-49.0,-47.0,-48.0,-49.0,-50.0,-48.0,-47.0,-45.0,-50.0,-48.0,-47.0,-46.0,-54.0,-46.0,-52.0,-51.0,-44.0,-44.0,-44.0,-41.0,-38.0,-40.0,-38.0,-38.0,-40.0,-39.0,-79.0,-53.0,-42.0,-31.0,-33.0,-39.0,-34.0,-29.0,-28.0,-24.0,-24.0,-26.0,-24.0
Botswana,7.0,5.0,8.0,8.0,9.0,9.0,10.0,10.0,7.0,4.0,6.0,6.0,4.0,3.0,1.0,4.0,3.0,9.0,8.0,9.0,10.0,8.0,11.0,9.0,7.0,6.0,7.0,7.0,6.0,4.0,3.0,3.0,3.0,5.0,9.0,6.0,2.0,-4.0,-7.0,-8.0,-9.0,-6.0,-1.0,-3.0,-16.0,-19.0,-24.0,-31.0,-68.0,-48.0,-36.0,-67.0,-69.0,-70.0,-70.0,-81.0,-52.0,-37.0,-83.0,-67.0,-67.0,-64.0,-63.0,-42.0,-32.0,-65.0,-65.0,-65.0,-64.0,-60.0,-39.0,-27.0,-63.0,-64.0,-62.0,-59.0,-76.0,-36.0,-23.0,-59.0,-60.0,-60.0,-56.0,-51.0,-27.0,-17.0,-49.0,-50.0,-48.0
Brazil,146.0,-2.0,473.0,435.0,410.0,399.0,383.0,-104.0,-106.0,-1262.0,-1674.0,-636.0,309.0,408.0,139.0,-16.0,509.0,460.0,471.0,488.0,501.0,177.0,94.0,542.0,507.0,484.0,460.0,514.0,158.0,15.0,388.0,114.0,-146.0,-474.0,-545.0,-792.0,-905.0,-1188.0,-1377.0,-1405.0,-1360.0,-1269.0,-1065.0,-837.0,-1146.0,-1159.0,-1145.0,-1141.0,-1067.0,-879.0,-746.0,-998.0,-1021.0,-1039.0,-1112.0,-1949.0,-948.0,-655.0,-938.0,-993.0,-990.0,-986.0,-918.0,-717.0,-636.0,-1035.0,-1754.0,-888.0,-925.0,-834.0,-645.0,-575.0,-797.0,-850.0,-845.0,-826.0,-1758.0,-698.0,-536.0,-756.0,-817.0,-819.0,-825.0,-733.0,-531.0,-112.0,-775.0,-831.0,-852.0
Bulgaria,-29.0,133.0,110.0,116.0,93.0,60.0,82.0,0.0,149.0,89.0,112.0,117.0,79.0,78.0,103.0,268.0,-183.0,-1579.0,19.0,-43.0,-307.0,155.0,206.0,-452.0,-472.0,-417.0,-206.0,-286.0,-442.0,-724.0,-890.0,-1044.0,-1103.0,-1122.0,-1127.0,-851.0,-842.0,-1265.0,-1351.0,-1287.0,-1279.0,-1215.0,-876.0,-742.0,-1134.0,-1187.0,-1221.0,-1236.0,-1146.0,-959.0,-907.0,-1147.0,-1138.0,-1102.0,-1103.0,-1079.0,-732.0,-600.0,-1077.0,-1089.0,-1104.0,-1084.0,-1968.0,-1131.0,-865.0,-2135.0,-1099.0,-1018.0,-1009.0,-982.0,-533.0,-498.0,-944.0,-933.0,-915.0,-919.0,-1767.0,-717.0,-572.0,-962.0,-894.0,-1872.0,-882.0,-798.0,-244.0,-37.0,-702.0,-705.0,-674.0
Burkina Faso,6.0,3.0,5.0,5.0,3.0,3.0,4.0,3.0,0.0,3.0,3.0,3.0,3.0,4.0,5.0,6.0,4.0,5.0,5.0,3.0,5.0,4.0,2.0,-41.0,6.0,5.0,4.0,6.0,7.0,4.0,-7.0,-8.0,-10.0,-10.0,-10.0,-8.0,-2.0,-14.0,-19.0,-20.0,-22.0,-23.0,-14.0,-3.0,-23.0,-23.0,-24.0,-23.0,-21.0,-11.0,-3.0,-20.0,-21.0,-23.0,-22.0,-19.0,-9.0,-5.0,-47.0,-17.0,-20.0,-18.0,-16.0,-6.0,3.0,-15.0,-14.0,-14.0,-12.0,-11.0,0.0,10.0,-10.0,-11.0,-11.0,-10.0,-38.0,2.0,12.0,-8.0,-9.0,-8.0,-7.0,-5.0,6.0,15.0,-5.0,-5.0,-5.0
Cambodia,5.0,3.0,5.0,5.0,5.0,6.0,5.0,6.0,4.0,6.0,5.0,6.0,5.0,5.0,5.0,5.0,6.0,5.0,6.0,5.0,3.0,2.0,0.0,-20.0,4.0,5.0,4.0,5.0,3.0,2.0,-3.0,-11.0,-13.0,-14.0,-15.0,-14.0,-9.0,-18.0,-20.0,-21.0,-21.0,-22.0,-20.0,-15.0,-23.0,-24.0,-27.0,-27.0,-27.0,-28.0,-20.0,-27.0,-28.0,-28.0,-29.0,-30.0,-31.0,-24.0,-36.0,-37.0,-37.0,-36.0,-34.0,-33.0,-22.0,-27.0,-27.0,-27.0,-26.0,-26.0,-25.0,-17.0,-23.0,-24.0,-24.0,-23.0,-48.0,-29.0,-13.0,-22.0,-22.0,-44.0,-20.0,-20.0,-21.0,-12.0,-36.0,-20.0,-21.0
Cameroon,2.0,0.0,2.0,2.0,3.0,2.0,0.0,0.0,-3.0,1.0,2.0,2.0,2.0,0.0,0.0,0.0,4.0,3.0,4.0,4.0,3.0,4.0,10.0,2.0,2.0,3.0,1.0,0.0,0.0,1.0,2.0,3.0,-6.0,-8.0,-10.0,-4.0,-5.0,-10.0,-15.0,-14.0,-14.0,-13.0,-6.0,-3.0,-15.0,-17.0,-18.0,-20.0,-17.0,-8.0,-2.0,-19.0,-20.0,-21.0,-21.0,-37.0,-11.0,-3.0,-18.0,-18.0,-19.0,-20.0,-17.0,-8.0,-4.0,-18.0,-19.0,-18.0,-19.0,-17.0,-8.0,-4.0,-17.0,-17.0,-16.0,-19.0,-40.0,-8.0,-2.0,-15.0,-15.0,-15.0,-15.0,-13.0,-3.0,2.0,-13.0,-13.0,-13.0
Canada,-17.0,35.0,-602.0,-28.0,-31.0,-16.0,-34.0,40.0,84.0,25.0,32.0,24.0,-23.0,18.0,58.0,65.0,-24.0,6.0,-5.0,-10.0,38.0,30.0,64.0,6.0,18.0,29.0,25.0,-19.0,-26.0,-16.0,-274.0,-379.0,-465.0,-526.0,-544.0,-407.0,-372.0,-664.0,-714.0,-743.0,-747.0,-731.0,-565.0,-496.0,-755.0,-760.0,-766.0,-774.0,-741.0,-567.0,-515.0,-748.0,-755.0,-757.0,-761.0,-1093.0,-591.0,-589.0,-902.0,-747.0,-743.0,-736.0,-715.0,-500.0,-441.0,-709.0,-713.0,-708.0,-705.0,-682.0,-484.0,-411.0,-688.0,-695.0,-691.0,-692.0,-652.0,-447.0,-353.0,-657.0,-662.0,-656.0,-650.0,-619.0,-401.0,-281.0,-628.0,-626.0,-621.0
Cape Verde,0.0,0.0,0.0,1.0,0.0,0.0,-3.0,-8.0,1.0,-12.0,-25.0,-56.0,-2.0,0.0,3.0,-3.0,5.0,2.0,3.0,3.0,2.0,3.0,2.0,5.0,3.0,4.0,3.0,2.0,0.0,-6.0,6.0,2.0,2.0,0.0,-6.0,-18.0,-28.0,-28.0,-33.0,-35.0,-38.0,-49.0,-45.0,-40.0,-55.0,-60.0,-60.0,-61.0,-60.0,-51.0,-34.0,-60.0,-63.0,-62.0,-64.0,-74.0,-53.0,-38.0,-61.0,-62.0,-62.0,-63.0,-62.0,-54.0,-40.0,-60.0,-63.0,-63.0,-63.0,-63.0,-54.0,-40.0,-57.0,-58.0,-60.0,-56.0,-73.0,-47.0,-36.0,-50.0,-52.0,-50.0,-52.0,-50.0,-45.0,-32.0,-49.0,-51.0,-52.0
Chile,-52.0,-25.0,-116.0,-106.0,-103.0,-109.0,-115.0,-49.0,-47.0,-36.0,-16.0,1.0,19.0,40.0,9.0,15.0,196.0,211.0,234.0,270.0,281.0,45.0,14.0,299.0,307.0,301.0,295.0,299.0,51.0,-13.0,57.0,-129.0,-248.0,-407.0,-466.0,-535.0,-608.0,-635.0,-697.0,-701.0,-707.0,-711.0,-643.0,-654.0,-705.0,-723.0,-726.0,-766.0,-741.0,-667.0,-676.0,-730.0,-751.0,-751.0,-756.0,-1249.0,-909.0,-677.0,-729.0,-734.0,-728.0,-732.0,-730.0,-627.0,-633.0,-698.0,-712.0,-704.0,-709.0,-685.0,-587.0,-588.0,-642.0,-659.0,-638.0,-622.0,-1244.0,-593.0,-536.0,-575.0,-588.0,-603.0,-600.0,-570.0,-477.0,-369.0,-578.0,-586.0,-581.0
Colombia,147.0,-8.0,492.0,490.0,419.0,221.0,381.0,134.0,-47.0,317.0,356.0,420.0,437.0,670.0,328.0,115.0,574.0,556.0,515.0,500.0,696.0,330.0,152.0,547.0,533.0,483.0,456.0,632.0,305.0,63.0,14.0,-235.0,-426.0,-546.0,-783.0,-1590.0,-1451.0,-2297.0,-1601.0,-2155.0,-2160.0,-2061.0,-1916.0,-1650.0,-2054.0,-2043.0,-2063.0,-2075.0,-1960.0,-1871.0,-1623.0,-2013.0,-2003.0,-2018.0,-2403.0,-2489.0,-1964.0,-1659.0,-1892.0,-1914.0,-1888.0,-1899.0,-1777.0,-1816.0,-1582.0,-1788.0,-1828.0,-1814.0,-1814.0,-1676.0,-1674.0,-1455.0,-1584.0,-1637.0,-1618.0,-1592.0,-2009.0,-1602.0,-1413.0,-1471.0,-1492.0,-1478.0,-1479.0,-1321.0,-1407.0,-1151.0,-1321.0,-1331.0,-1349.0
Costa Rica,4.0,1.0,20.0,20.0,19.0,19.0,21.0,4.0,1.0,22.0,20.0,21.0,20.0,23.0,6.0,3.0,23.0,21.0,21.0,20.0,22.0,5.0,1.0,21.0,19.0,17.0,15.0,16.0,3.0,-3.0,5.0,-14.0,-18.0,-24.0,-26.0,-27.0,-34.0,-34.0,-38.0,-39.0,-40.0,-38.0,-34.0,-39.0,-39.0,-40.0,-41.0,-42.0,-41.0,-46.0,-43.0,-60.0,-62.0,-72.0,-83.0,-84.0,-67.0,-54.0,-39.0,-41.0,-40.0,-41.0,-38.0,-44.0,-42.0,-36.0,-37.0,-38.0,-39.0,-36.0,-41.0,-39.0,-35.0,-37.0,-36.0,-36.0,-62.0,-41.0,-37.0,-32.0,-34.0,-33.0,-35.0,-31.0,-33.0,-35.0,-30.0,-32.0,-32.0
Croatia,10.0,43.0,1.0,4.0,4.0,-4.0,0.0,40.0,55.0,3.0,12.0,-17.0,-12.0,0.0,20.0,-20.0,32.0,33.0,31.0,42.0,19.0,74.0,74.0,33.0,46.0,37.0,15.0,-28.0,-97.0,-159.0,-502.0,-592.0,-667.0,-828.0,-916.0,-857.0,-1007.0,-1176.0,-1307.0,-1326.0,-1326.0,-1290.0,-1087.0,-1069.0,-1260.0,-1251.0,-1239.0,-1224.0,-1204.0,-987.0,-998.0,-1177.0,-1180.0,-1171.0,-1177.0,-1284.0,-1111.0,-1066.0,-1855.0,-1192.0,-1136.0,-1121.0,-1098.0,-801.0,-786.0,-1074.0,-1075.0,-1049.0,-1046.0,-1019.0,-745.0,-728.0,-935.0,-938.0,-943.0,-929.0,-1769.0,-763.0,-718.0,-800.0,-807.0,-792.0,-771.0,-736.0,-340.0,-462.0,-614.0,-647.0,-591.0
Czechia,53.0,44.0,-6.0,-4.0,-7.0,-13.0,-14.0,80.0,27.0,-7.0,-3.0,-6.0,-13.0,-16.0,73.0,68.0,-6.0,-21.0,-21.0,-19.0,-29.0,54.0,76.0,-19.0,-19.0,-210.0,-227.0,-260.0,-82.0,-170.0,-414.0,-546.0,-579.0,-617.0,-621.0,-477.0,-470.0,-620.0,-638.0,-631.0,-651.0,-641.0,-393.0,-454.0,-622.0,-643.0,-626.0,-640.0,-638.0,-398.0,-395.0,-618.0,-631.0,-623.0,-667.0,-1164.0,-397.0,-351.0,-1273.0,-581.0,-561.0,-557.0,-552.0,-198.0,-327.0,-533.0,-534.0,-522.0,-531.0,-533.0,-208.0,-204.0,-475.0,-481.0,-491.0,-507.0,-1138.0,-254.0,-197.0,-421.0,-431.0,-424.0,-451.0,-1115.0,-100.0,-14.0,-347.0,-333.0,-326.0
CÃ´te d'Ivoire,-1.0,1.0,-2.0,-2.0,-2.0,-3.0,-3.0,0.0,1.0,2.0,2.0,3.0,2.0,2.0,3.0,5.0,5.0,5.0,4.0,3.0,3.0,1.0,2.0,4.0,6.0,5.0,2.0,2.0,-2.0,0.0,3.0,-4.0,-6.0,-8.0,-8.0,-5.0,-3.0,-12.0,-16.0,-18.0,-21.0,-22.0,-13.0,-9.0,-24.0,-25.0,-24.0,-25.0,-24.0,-13.0,-7.0,-24.0,-26.0,-26.0,-26.0,-25.0,-12.0,-7.0,-56.0,-23.0,-24.0,-25.0,-24.0,-10.0,-3.0,-22.0,-23.0,-22.0,-23.0,-23.0,-10.0,-7.0,-21.0,-22.0,-21.0,-20.0,-49.0,-7.0,-1.0,-19.0,-19.0,-18.0,-18.0,-17.0,-3.0,6.0,-16.0,-15.0,-15.0
Denmark,-35.0,-39.0,-23.0,-18.0,-19.0,-24.0,-29.0,-18.0,-1.0,16.0,16.0,17.0,16.0,13.0,1.0,3.0,12.0,13.0,12.0,11.0,7.0,4.0,-12.0,4.0,1.0,-6.0,-163.0,-257.0,-93.0,-134.0,-296.0,-306.0,-320.0,-325.0,-328.0,-159.0,-166.0,-324.0,-326.0,-322.0,-322.0,-324.0,-162.0,-166.0,-318.0,-314.0,-316.0,-321.0,-320.0,-142.0,-133.0,-348.0,-350.0,-353.0,-490.0,-492.0,-133.0,-136.0,-500.0,-289.0,-282.0,-274.0,-265.0,-78.0,-83.0,-238.0,-231.0,-230.0,-229.0,-233.0,-71.0,-93.0,-228.0,-219.0,-225.0,-229.0,-290.0,-77.0,-52.0,-201.0,-194.0,-193.0,-192.0,-464.0,-33.0,-26.0,-186.0,-182.0,-175.0
Dominican Republic,-1.0,-9.0,-2.0,3.0,1.0,1.0,1.0,2.0,-4.0,4.0,4.0,1.0,-55.0,-3.0,3.0,-5.0,3.0,2.0,2.0,2.0,2.0,3.0,-5.0,2.0,3.0,1.0,0.0,-10.0,-1.0,-9.0,-11.0,-13.0,-22.0,-46.0,-58.0,-59.0,-51.0,-68.0,-71.0,-73.0,-74.0,-75.0,-66.0,-56.0,-72.0,-73.0,-73.0,-73.0,-72.0,-63.0,-53.0,-70.0,-71.0,-71.0,-73.0,-83.0,-67.0,-54.0,-68.0,-69.0,-68.0,-69.0,-68.0,-59.0,-49.0,-66.0,-69.0,-67.0,-67.0,-66.0,-57.0,-47.0,-63.0,-64.0,-64.0,-64.0,-63.0,-53.0,-43.0,-73.0,-60.0,-61.0,-61.0,-60.0,-49.0,-40.0,-57.0,-58.0,-58.0
Ecuador,-2.0,0.0,-4.0,-5.0,-6.0,-11.0,-13.0,-8.0,-5.0,-70.0,-70.0,-10.0,-7.0,-8.0,0.0,0.0,-6.0,-7.0,-7.0,-8.0,-9.0,-1.0,2.0,-10.0,-10.0,-10.0,-10.0,-18.0,-8.0,-9.0,-31.0,-64.0,-76.0,-78.0,-79.0,-69.0,-59.0,-81.0,-82.0,-84.0,-84.0,-83.0,-72.0,-61.0,-82.0,-82.0,-82.0,-83.0,-81.0,-70.0,-59.0,-81.0,-82.0,-81.0,-81.0,-84.0,-76.0,-66.0,-79.0,-79.0,-79.0,-78.0,-78.0,-71.0,-61.0,-76.0,-77.0,-76.0,-76.0,-75.0,-67.0,-58.0,-73.0,-74.0,-73.0,-72.0,-75.0,-63.0,-52.0,-69.0,-69.0,-68.0,-68.0,-66.0,-55.0,-36.0,-65.0,-65.0,-65.0
Egypt,119.0,297.0,420.0,387.0,293.0,254.0,148.0,131.0,304.0,331.0,-76.0,331.0,273.0,235.0,157.0,324.0,442.0,386.0,357.0,333.0,222.0,183.0,333.0,429.0,396.0,336.0,-1314.0,-699.0,-298.0,-103.0,0.0,-126.0,-232.0,-350.0,-331.0,-466.0,-614.0,-604.0,-662.0,-858.0,-889.0,-1217.0,-1360.0,-801.0,-820.0,-822.0,-828.0,-837.0,-1061.0,-1232.0,-818.0,-799.0,-813.0,-819.0,-810.0,-984.0,-1143.0,-748.0,-706.0,-714.0,-726.0,-737.0,-919.0,-1092.0,-927.0,-1568.0,-651.0,-702.0,-691.0,-739.0,-937.0,-764.0,-711.0,-702.0,-682.0,-670.0,-489.0,-807.0,-711.0,-664.0,-675.0,-648.0,-597.0,-373.0,-548.0,-576.0,-525.0,-551.0,-609.0
El Salvador,4.0,0.0,5.0,4.0,3.0,3.0,8.0,4.0,1.0,5.0,4.0,4.0,3.0,9.0,6.0,4.0,7.0,6.0,5.0,5.0,10.0,5.0,2.0,6.0,5.0,5.0,-6.0,-1.0,0.0,-3.0,-9.0,-16.0,-20.0,-32.0,-38.0,-35.0,-53.0,-66.0,-68.0,-68.0,-68.0,-65.0,-60.0,-50.0,-64.0,-64.0,-64.0,-65.0,-63.0,-57.0,-48.0,-67.0,-70.0,-72.0,-79.0,-83.0,-72.0,-53.0,-67.0,-65.0,-64.0,-65.0,-62.0,-57.0,-51.0,-63.0,-64.0,-64.0,-64.0,-60.0,-56.0,-49.0,-60.0,-61.0,-60.0,-60.0,-75.0,-53.0,-46.0,-57.0,-59.0,-59.0,-70.0,-67.0,-62.0,-48.0,-66.0,-67.0,-66.0
Estonia,20.0,7.0,-1.0,3.0,9.0,-4.0,-12.0,13.0,1.0,-1196.0,-301.0,-305.0,-307.0,-317.0,8.0,19.0,23.0,23.0,11.0,9.0,10.0,41.0,53.0,4.0,13.0,0.0,-38.0,-200.0,-65.0,-80.0,-576.0,-643.0,-674.0,-651.0,-643.0,-155.0,-137.0,-653.0,-676.0,-685.0,-694.0,-689.0,-196.0,-185.0,-710.0,-707.0,-712.0,-709.0,-710.0,-203.0,-177.0,-687.0,-700.0,-683.0,-711.0,-1177.0,-229.0,-236.0,-688.0,-704.0,-682.0,-686.0,-658.0,-180.0,-155.0,-642.0,-630.0,-641.0,-632.0,-641.0,-164.0,-140.0,-599.0,-621.0,-607.0,-610.0,-1133.0,-167.0,-103.0,-547.0,-536.0,-536.0,-541.0,-529.0,-100.0,-45.0,-535.0,-497.0,-506.0
Fiji,4.0,2.0,9.0,8.0,8.0,9.0,11.0,5.0,4.0,9.0,9.0,8.0,9.0,12.0,8.0,6.0,11.0,11.0,10.0,10.0,14.0,8.0,8.0,10.0,6.0,9.0,8.0,11.0,7.0,4.0,9.0,7.0,7.0,7.0,-3.0,-11.0,-2.0,-8.0,-10.0,-15.0,-17.0,-15.0,-15.0,-6.0,-22.0,-26.0,-23.0,-24.0,-41.0,-32.0,-17.0,-43.0,-42.0,-73.0,-50.0,-71.0,-36.0,-21.0,-73.0,-39.0,-40.0,-38.0,-26.0,-18.0,-14.0,-20.0,-22.0,-22.0,-21.0,-18.0,-14.0,-16.0,-20.0,-20.0,-23.0,-19.0,-14.0,-12.0,-11.0,-14.0,-14.0,-15.0,-15.0,-13.0,-10.0,-11.0,-17.0,-15.0,-14.0
Finland,-22.0,-41.0,-117.0,-114.0,-113.0,-125.0,-145.0,-53.0,-25.0,-342.0,-350.0,-347.0,-358.0,-376.0,-65.0,-61.0,-196.0,-204.0,-207.0,-214.0,-220.0,-9.0,8.0,-24.0,-31.0,-45.0,-57.0,-143.0,-135.0,-171.0,-353.0,-520.0,-722.0,-751.0,-756.0,-363.0,-385.0,-795.0,-825.0,-824.0,-832.0,-827.0,-429.0,-442.0,-840.0,-858.0,-853.0,-863.0,-862.0,-470.0,-453.0,-873.0,-879.0,-874.0,-930.0,-1545.0,-526.0,-595.0,-1572.0,-887.0,-869.0,-863.0,-846.0,-375.0,-351.0,-826.0,-812.0,-807.0,-812.0,-818.0,-362.0,-357.0,-806.0,-813.0,-807.0,-864.0,-1526.0,-401.0,-291.0,-780.0,-772.0,-767.0,-765.0,-759.0,-228.0,-150.0,-782.0,-752.0,-734.0
France,-22.0,-11.0,-213.0,-195.0,-168.0,-212.0,-219.0,-72.0,-13.0,-261.0,-248.0,-212.0,-257.0,-250.0,-76.0,20.0,-72.0,-53.0,-43.0,-64.0,-57.0,2.0,1.0,-11.0,-15.0,-10.0,-23.0,-37.0,-67.0,-102.0,-473.0,-736.0,-915.0,-961.0,-968.0,-798.0,-753.0,-995.0,-1009.0,-996.0,-1010.0,-999.0,-807.0,-772.0,-1000.0,-1002.0,-969.0,-993.0,-977.0,-781.0,-719.0,-976.0,-978.0,-947.0,-966.0,-966.0,-748.0,-679.0,-1241.0,-946.0,-917.0,-937.0,-928.0,-711.0,-670.0,-927.0,-917.0,-881.0,-901.0,-891.0,-665.0,-584.0,-868.0,-873.0,-830.0,-853.0,-1216.0,-627.0,-525.0,-805.0,-803.0,-757.0,-776.0,-1128.0,-523.0,-435.0,-625.0,-609.0,-585.0
Gabon,4.0,0.0,0.0,4.0,2.0,3.0,0.0,3.0,2.0,2.0,2.0,-2.0,3.0,6.0,4.0,4.0,2.0,4.0,2.0,4.0,7.0,-3.0,4.0,-1.0,-7.0,-8.0,-3.0,5.0,-2.0,-2.0,-9.0,-10.0,-11.0,-12.0,-10.0,-18.0,-19.0,-25.0,-28.0,-28.0,-28.0,-24.0,-21.0,-15.0,-26.0,-28.0,-30.0,-29.0,-25.0,-19.0,-10.0,-30.0,-29.0,-29.0,-32.0,-26.0,-23.0,-4.0,-72.0,-56.0,-55.0,-52.0,-61.0,-37.0,-25.0,-48.0,-48.0,-47.0,-45.0,-43.0,-35.0,-14.0,-43.0,-35.0,-30.0,-30.0,-56.0,-18.0,-6.0,-28.0,-28.0,-28.0,-26.0,-24.0,-11.0,-4.0,-25.0,-26.0,-25.0
Georgia,4.0,8.0,4.0,5.0,5.0,4.0,12.0,5.0,8.0,5.0,3.0,6.0,5.0,12.0,8.0,7.0,-7.0,-35.0,-6.0,-7.0,-1.0,3.0,8.0,-11.0,-10.0,-11.0,-13.0,-10.0,-5.0,1.0,-24.0,-30.0,-37.0,-37.0,-37.0,-33.0,-32.0,-52.0,-55.0,-55.0,-55.0,-51.0,-41.0,-38.0,-58.0,-62.0,-62.0,-64.0,-60.0,-52.0,-43.0,-62.0,-64.0,-63.0,-70.0,-59.0,-50.0,-45.0,-60.0,-60.0,-60.0,-63.0,-73.0,-65.0,-59.0,-81.0,-75.0,-73.0,-72.0,-69.0,-60.0,-51.0,-58.0,-59.0,-59.0,-59.0,-56.0,-44.0,-36.0,-57.0,-57.0,-58.0,-57.0,-53.0,-44.0,-36.0,-51.0,-58.0,-50.0
Germany,-4.0,-14.0,-63.0,-65.0,-70.0,-95.0,-127.0,-41.0,-37.0,-224.0,-151.0,-64.0,-49.0,-48.0,3.0,24.0,-3.0,-19.0,-20.0,-21.0,-37.0,7.0,28.0,-25.0,-40.0,-43.0,-59.0,-90.0,-42.0,-68.0,-293.0,-423.0,-505.0,-563.0,-607.0,-498.0,-543.0,-688.0,-728.0,-735.0,-740.0,-740.0,-539.0,-636.0,-729.0,-731.0,-731.0,-738.0,-738.0,-514.0,-472.0,-737.0,-751.0,-753.0,-787.0,-1445.0,-466.0,-386.0,-1481.0,-766.0,-747.0,-725.0,-713.0,-339.0,-329.0,-593.0,-598.0,-590.0,-587.0,-594.0,-296.0,-270.0,-540.0,-557.0,-563.0,-580.0,-1414.0,-315.0,-266.0,-495.0,-490.0,-466.0,-469.0,-515.0,-98.0,-7.0,-470.0,-446.0,-437.0
Ghana,2.0,1.0,4.0,4.0,2.0,1.0,3.0,2.0,2.0,3.0,3.0,2.0,0.0,2.0,1.0,4.0,4.0,3.0,3.0,-1.0,-42.0,-1.0,3.0,2.0,3.0,2.0,3.0,5.0,2.0,3.0,-7.0,-8.0,-9.0,-10.0,-6.0,3.0,-4.0,-21.0,-21.0,-23.0,-22.0,-23.0,1.0,3.0,-50.0,-50.0,-52.0,-51.0,-46.0,-27.0,-13.0,-49.0,-48.0,-48.0,-47.0,-56.0,-25.0,-11.0,-59.0,-46.0,-47.0,-46.0,-43.0,-21.0,-9.0,-35.0,-30.0,-30.0,-28.0,-24.0,-4.0,-10.0,-24.0,-24.0,-24.0,-24.0,-42.0,-1.0,-5.0,-20.0,-21.0,-21.0,-20.0,-16.0,3.0,-2.0,-18.0,-18.0,-18.0
Greece,6.0,13.0,23.0,6.0,28.0,30.0,-2.0,15.0,34.0,27.0,27.0,19.0,16.0,17.0,19.0,54.0,-496.0,19.0,29.0,27.0,25.0,18.0,18.0,0.0,15.0,-97.0,-115.0,-153.0,-205.0,-296.0,-309.0,-342.0,-374.0,-378.0,-383.0,-346.0,-332.0,-440.0,-446.0,-652.0,-446.0,-446.0,-404.0,-417.0,-412.0,-422.0,-433.0,-434.0,-433.0,-415.0,-432.0,-421.0,-426.0,-419.0,-415.0,-414.0,-360.0,-334.0,-397.0,-407.0,-412.0,-422.0,-550.0,-397.0,-465.0,-638.0,-411.0,-405.0,-398.0,-386.0,-315.0,-303.0,-348.0,-350.0,-342.0,-339.0,-586.0,-289.0,-252.0,-281.0,-278.0,-265.0,-265.0,-258.0,-182.0,-166.0,-204.0,-206.0,-208.0
Guatemala,2.0,0.0,4.0,4.0,3.0,3.0,4.0,3.0,1.0,4.0,3.0,3.0,3.0,5.0,5.0,3.0,5.0,5.0,4.0,4.0,6.0,4.0,2.0,4.0,4.0,4.0,3.0,5.0,3.0,-3.0,-12.0,-38.0,-45.0,-47.0,-48.0,-44.0,-48.0,-59.0,-60.0,-59.0,-59.0,-56.0,-43.0,-39.0,-51.0,-50.0,-49.0,-50.0,-48.0,-34.0,-33.0,-52.0,-53.0,-60.0,-74.0,-79.0,-64.0,-47.0,-51.0,-50.0,-50.0,-50.0,-48.0,-33.0,-34.0,-44.0,-45.0,-45.0,-45.0,-43.0,-29.0,-31.0,-42.0,-44.0,-43.0,-43.0,-61.0,-29.0,-29.0,-40.0,-41.0,-40.0,-41.0,-38.0,-22.0,-18.0,-39.0,-40.0,-41.0
Guinea-Bissau,4.0,-1.0,-1.0,1.0,3.0,4.0,1.0,-4.0,0.0,-17.0,-43.0,-17.0,-4.0,3.0,8.0,5.0,-5.0,-4.0,4.0,6.0,6.0,1.0,1.0,-35.0,2.0,6.0,3.0,1.0,-3.0,-7.0,-3.0,-3.0,-3.0,-15.0,-16.0,-13.0,-17.0,-14.0,-17.0,-21.0,-38.0,-36.0,-28.0,-27.0,-37.0,-46.0,-38.0,-39.0,-40.0,-24.0,-25.0,-41.0,-41.0,-39.0,-38.0,-47.0,-21.0,-21.0,-51.0,-38.0,-34.0,-31.0,-29.0,-16.0,-13.0,-30.0,-32.0,-30.0,-29.0,-32.0,-17.0,-12.0,-31.0,-29.0,-28.0,-27.0,-49.0,-15.0,-12.0,-27.0,-30.0,-29.0,-29.0,-28.0,-14.0,-7.0,-32.0,-30.0,-29.0
Haiti,2.0,3.0,0.0,2.0,-1.0,-4.0,-4.0,-1.0,-3.0,-46.0,-44.0,-39.0,-4.0,-3.0,1.0,-2.0,3.0,3.0,4.0,5.0,6.0,4.0,-2.0,2.0,4.0,2.0,4.0,4.0,4.0,1.0,0.0,3.0,3.0,3.0,-20.0,-15.0,-11.0,-31.0,-33.0,-35.0,-34.0,-33.0,-20.0,-14.0,-35.0,-34.0,-33.0,-34.0,-32.0,-20.0,-12.0,-32.0,-34.0,-35.0,-38.0,-55.0,-26.0,-18.0,-36.0,-35.0,-36.0,-34.0,-33.0,-20.0,-13.0,-31.0,-32.0,-32.0,-31.0,-31.0,-20.0,-14.0,-34.0,-33.0,-30.0,-29.0,-48.0,-18.0,-14.0,-31.0,-30.0,-30.0,-30.0,-27.0,-15.0,-12.0,-28.0,-29.0,-31.0
Honduras,2.0,0.0,10.0,10.0,8.0,8.0,10.0,2.0,0.0,11.0,11.0,8.0,7.0,10.0,3.0,4.0,12.0,12.0,10.0,10.0,13.0,3.0,-1.0,12.0,11.0,9.0,6.0,2.0,-1.0,-6.0,-34.0,-64.0,-71.0,-70.0,-74.0,-69.0,-54.0,-72.0,-73.0,-69.0,-71.0,-66.0,-63.0,-46.0,-66.0,-75.0,-66.0,-77.0,-63.0,-70.0,-56.0,-68.0,-75.0,-68.0,-78.0,-73.0,-68.0,-51.0,-63.0,-64.0,-62.0,-62.0,-59.0,-60.0,-47.0,-58.0,-59.0,-59.0,-60.0,-57.0,-59.0,-46.0,-55.0,-57.0,-57.0,-57.0,-62.0,-63.0,-49.0,-57.0,-58.0,-57.0,-58.0,-54.0,-57.0,-32.0,-52.0,-52.0,-52.0
Hong Kong,-18.0,-19.0,-21.0,-21.0,-17.0,-11.0,-21.0,-16.0,-17.0,-19.0,-19.0,-15.0,-9.0,-19.0,-14.0,-15.0,-14.0,-14.0,-11.0,-5.0,-14.0,-12.0,-15.0,-13.0,-12.0,-9.0,-3.0,-13.0,-12.0,-14.0,-12.0,-12.0,-9.0,-3.0,-13.0,-13.0,-15.0,-17.0,-19.0,-16.0,-11.0,-20.0,-17.0,-24.0,-23.0,-23.0,-20.0,-15.0,-24.0,-43.0,-27.0,-25.0,-23.0,-19.0,-14.0,-58.0,-38.0,-22.0,-60.0,-20.0,-17.0,-12.0,-21.0,-16.0,-19.0,-19.0,-19.0,-16.0,-9.0,-19.0,-15.0,-17.0,-17.0,-17.0,-13.0,-51.0,-61.0,-16.0,-16.0,-13.0,-12.0,-9.0,-3.0,-12.0,-10.0,-9.0,-11.0,-11.0,-7.0
Hungary,90.0,84.0,48.0,48.0,47.0,39.0,10.0,77.0,49.0,34.0,50.0,23.0,28.0,-1.0,64.0,61.0,47.0,47.0,35.0,47.0,2.0,56.0,132.0,48.0,37.0,23.0,-10.0,-55.0,-16.0,-311.0,-444.0,-595.0,-671.0,-726.0,-744.0,-488.0,-590.0,-873.0,-913.0,-921.0,-918.0,-871.0,-636.0,-638.0,-939.0,-931.0,-925.0,-927.0,-905.0,-615.0,-580.0,-908.0,-916.0,-916.0,-986.0,-1728.0,-765.0,-787.0,-1818.0,-948.0,-885.0,-876.0,-864.0,-433.0,-520.0,-817.0,-823.0,-816.0,-826.0,-842.0,-454.0,-409.0,-787.0,-781.0,-793.0,-818.0,-1715.0,-523.0,-257.0,-700.0,-700.0,-677.0,-685.0,-698.0,-224.0,-169.0,-664.0,-676.0,-658.0
India,326.0,182.0,306.0,284.0,328.0,227.0,-435.0,113.0,246.0,282.0,223.0,237.0,273.0,318.0,279.0,164.0,210.0,209.0,390.0,407.0,422.0,508.0,481.0,-215.0,-1341.0,45.0,197.0,291.0,58.0,344.0,179.0,24.0,33.0,-92.0,-181.0,-353.0,-1395.0,-1388.0,-1900.0,-2233.0,-2209.0,-2169.0,-2014.0,-1279.0,-2093.0,-2089.0,-2119.0,-2157.0,-2008.0,-1808.0,-1109.0,-2069.0,-2053.0,-2038.0,-2071.0,-2139.0,-1880.0,-1146.0,-2008.0,-2158.0,-1922.0,-1954.0,-1905.0,-1733.0,-1076.0,-1833.0,-1848.0,-1808.0,-1836.0,-1758.0,-1680.0,-971.0,-1735.0,-1742.0,-1689.0,-1671.0,-1756.0,-1429.0,-833.0,-1432.0,-1449.0,-1419.0,-1608.0,-1349.0,-1316.0,-775.0,-1279.0,-1272.0,-1206.0
Indonesia,202.0,82.0,117.0,76.0,38.0,45.0,137.0,217.0,127.0,152.0,83.0,114.0,140.0,173.0,257.0,110.0,159.0,176.0,159.0,167.0,187.0,241.0,134.0,179.0,152.0,161.0,155.0,191.0,249.0,163.0,-78.0,-247.0,-343.0,-415.0,-501.0,-299.0,-177.0,-803.0,-996.0,-1959.0,-1077.0,-1052.0,-733.0,-458.0,-1073.0,-1103.0,-1097.0,-1110.0,-1076.0,-780.0,-482.0,-1064.0,-1110.0,-1120.0,-1127.0,-1984.0,-968.0,-496.0,-1091.0,-1094.0,-1085.0,-1076.0,-1043.0,-700.0,-372.0,-1021.0,-1072.0,-1067.0,-1135.0,-1366.0,-921.0,-497.0,-1114.0,-1151.0,-1125.0,-1088.0,-1876.0,-808.0,-394.0,-1044.0,-1096.0,-1079.0,-1875.0,-1044.0,-715.0,-259.0,-985.0,-1039.0,-1021.0
Iraq,14.0,12.0,13.0,11.0,11.0,9.0,11.0,13.0,13.0,13.0,7.0,7.0,2.0,13.0,10.0,5.0,5.0,3.0,1.0,-4.0,9.0,8.0,1.0,-1.0,-3.0,-7.0,-7.0,6.0,-8.0,-20.0,-22.0,-25.0,-49.0,-49.0,-27.0,-49.0,-57.0,-56.0,-56.0,-57.0,-56.0,-33.0,-48.0,-55.0,-57.0,-55.0,-55.0,-54.0,-29.0,-45.0,-55.0,-56.0,-53.0,-52.0,-52.0,-27.0,-38.0,-49.0,-48.0,-48.0,-47.0,-46.0,-19.0,-31.0,-40.0,-39.0,-30.0,-29.0,-29.0,-21.0,-29.0,-26.0,-26.0,-25.0,-26.0,-25.0,-16.0,-23.0,-22.0,-24.0,-23.0,-22.0,-20.0,-5.0,-16.0,-16.0,-15.0,-15.0,-16.0
Ireland,-72.0,-24.0,-234.0,-207.0,-264.0,-371.0,-403.0,-13.0,32.0,35.0,88.0,51.0,49.0,20.0,-57.0,53.0,61.0,92.0,60.0,59.0,42.0,24.0,37.0,20.0,66.0,20.0,-29.0,-593.0,-242.0,-382.0,-1207.0,-2108.0,-1113.0,-1155.0,-1161.0,-953.0,-994.0,-1212.0,-1265.0,-1328.0,-1361.0,-1357.0,-1321.0,-1318.0,-1688.0,-1752.0,-1760.0,-1769.0,-1740.0,-1412.0,-1323.0,-1720.0,-1718.0,-1730.0,-1733.0,-1883.0,-1372.0,-1417.0,-2244.0,-1683.0,-1685.0,-1678.0,-1665.0,-1285.0,-1167.0,-1612.0,-1619.0,-1621.0,-1625.0,-1613.0,-1180.0,-1115.0,-1574.0,-1586.0,-1609.0,-1597.0,-1577.0,-1108.0,-1011.0,-2168.0,-1525.0,-1523.0,-1520.0,-1488.0,-1025.0,-955.0,-1467.0,-1454.0,-1467.0
Israel,5.0,7.0,5.0,5.0,2.0,2.0,22.0,-2.0,5.0,-6.0,-6.0,4.0,2.0,22.0,8.0,1.0,-468.0,20.0,16.0,6.0,13.0,42.0,-3.0,-105.0,-240.0,-156.0,-24.0,-172.0,-55.0,-234.0,-260.0,-285.0,-347.0,-362.0,-381.0,-284.0,-384.0,-386.0,-387.0,-395.0,-414.0,-407.0,-321.0,-409.0,-418.0,-417.0,-422.0,-417.0,-396.0,-293.0,-418.0,-418.0,-434.0,-586.0,-637.0,-443.0,-315.0,-475.0,-473.0,-542.0,-626.0,-420.0,-360.0,-247.0,-373.0,-369.0,-362.0,-355.0,-348.0,-326.0,-220.0,-333.0,-336.0,-425.0,-611.0,-323.0,-280.0,-169.0,-280.0,-273.0,-266.0,-254.0,-243.0,-237.0,-114.0,-217.0,-212.0,-249.0,-205.0
Italy,4.0,10.0,18.0,26.0,19.0,6.0,-2.0,-4.0,27.0,-258.0,-296.0,-217.0,-190.0,-185.0,-114.0,-90.0,-105.0,-97.0,-102.0,-322.0,-337.0,-305.0,-196.0,-472.0,-621.0,-749.0,-960.0,-1086.0,-1193.0,-1146.0,-1184.0,-1248.0,-1264.0,-1294.0,-1304.0,-1298.0,-1317.0,-1397.0,-1431.0,-1449.0,-1487.0,-1462.0,-1345.0,-1313.0,-1416.0,-1438.0,-1427.0,-1426.0,-1413.0,-1305.0,-1291.0,-1356.0,-1376.0,-1363.0,-1373.0,-1388.0,-1283.0,-1358.0,-1864.0,-1335.0,-1307.0,-1296.0,-1288.0,-1190.0,-1191.0,-1258.0,-1262.0,-1248.0,-1246.0,-1225.0,-1493.0,-1111.0,-1163.0,-1186.0,-1166.0,-1160.0,-1776.0,-1076.0,-966.0,-935.0,-954.0,-943.0,-937.0,-932.0,-823.0,-594.0,-883.0,-870.0,-866.0
Jamaica,4.0,3.0,3.0,2.0,2.0,1.0,2.0,3.0,3.0,2.0,-1.0,-64.0,-9.0,-8.0,0.0,3.0,2.0,3.0,3.0,2.0,2.0,3.0,1.0,1.0,1.0,1.0,-3.0,-15.0,-8.0,-10.0,-22.0,-25.0,-33.0,-35.0,-33.0,-21.0,-25.0,-34.0,-37.0,-36.0,-38.0,-35.0,-26.0,-29.0,-37.0,-39.0,-41.0,-43.0,-39.0,-30.0,-33.0,-39.0,-42.0,-40.0,-40.0,-80.0,-42.0,-42.0,-80.0,-39.0,-49.0,-51.0,-50.0,-34.0,-40.0,-50.0,-50.0,-49.0,-52.0,-47.0,-34.0,-39.0,-47.0,-51.0,-48.0,-50.0,-43.0,-32.0,-35.0,-42.0,-44.0,-42.0,-43.0,-39.0,-26.0,-29.0,-40.0,-41.0,-39.0
Japan,205.0,-60.0,25.0,-18.0,12.0,24.0,27.0,-61.0,15.0,-2510.0,40.0,43.0,32.0,62.0,220.0,138.0,-24.0,-69.0,-137.0,-124.0,-124.0,-105.0,-179.0,-92.0,-194.0,-155.0,-148.0,-164.0,-301.0,-105.0,-101.0,-135.0,-121.0,-155.0,-2461.0,-306.0,-108.0,-111.0,-152.0,-164.0,-193.0,-255.0,-253.0,-179.0,-260.0,-251.0,-357.0,-385.0,-388.0,-432.0,-469.0,-382.0,-484.0,-543.0,-557.0,-555.0,-870.0,-833.0,-622.0,-618.0,-652.0,-691.0,-731.0,-943.0,-904.0,-749.0,-841.0,-899.0,-916.0,-932.0,-1093.0,-1120.0,-920.0,-988.0,-2905.0,-1230.0,-1399.0,-1299.0,-1324.0,-3396.0,-3417.0,-3311.0,-950.0,-973.0,-766.0,-961.0,-716.0,-781.0,-794.0
Jordan,0.0,4.0,4.0,4.0,4.0,7.0,1.0,-2.0,5.0,4.0,3.0,5.0,8.0,1.0,-1.0,4.0,5.0,6.0,6.0,9.0,-1.0,-1.0,5.0,5.0,5.0,5.0,4.0,-4.0,-5.0,-8.0,-15.0,-24.0,-61.0,-63.0,-32.0,-78.0,-82.0,-82.0,-79.0,-73.0,-72.0,-44.0,-67.0,-73.0,-71.0,-71.0,-71.0,-69.0,-62.0,-63.0,-70.0,-70.0,-70.0,-70.0,-69.0,-66.0,-81.0,-68.0,-68.0,-67.0,-66.0,-64.0,-63.0,-79.0,-63.0,-64.0,-61.0,-59.0,-56.0,-63.0,-52.0,-58.0,-56.0,-55.0,-50.0,-48.0,-61.0,-36.0,-45.0,-45.0,-46.0,-43.0,-41.0,-60.0,-31.0,-39.0,-40.0,-39.0,-38.0
Kazakhstan,6.0,2.0,8.0,9.0,3.0,8.0,11.0,7.0,6.0,9.0,10.0,8.0,3.0,12.0,10.0,9.0,11.0,11.0,10.0,12.0,15.0,4.0,5.0,-52.0,11.0,9.0,10.0,13.0,11.0,6.0,-14.0,-17.0,-21.0,-29.0,-29.0,-27.0,-16.0,-62.0,-58.0,-56.0,-33.0,-33.0,-26.0,-17.0,-45.0,-48.0,-53.0,-54.0,-53.0,-45.0,-36.0,-54.0,-58.0,-59.0,-58.0,-55.0,-44.0,-34.0,-55.0,-55.0,-56.0,-56.0,-55.0,-47.0,-37.0,-56.0,-56.0,-56.0,-55.0,-54.0,-44.0,-34.0,-53.0,-52.0,-53.0,-51.0,-65.0,-41.0,-28.0,-45.0,-45.0,-44.0,-60.0,-58.0,-40.0,-18.0,-37.0,-36.0,-36.0
Kenya,123.0,75.0,83.0,9.0,-40.0,-11.0,45.0,117.0,158.0,192.0,314.0,268.0,255.0,334.0,205.0,170.0,263.0,307.0,256.0,324.0,336.0,232.0,223.0,361.0,335.0,349.0,350.0,395.0,260.0,213.0,162.0,-234.0,-404.0,-487.0,-455.0,-235.0,-274.0,-743.0,-920.0,-1019.0,-1104.0,-1071.0,-625.0,-552.0,-1116.0,-1138.0,-1135.0,-1108.0,-967.0,-505.0,-488.0,-1052.0,-1125.0,-1101.0,-1096.0,-1552.0,-679.0,-536.0,-1728.0,-1098.0,-1095.0,-1103.0,-1003.0,-513.0,-501.0,-1047.0,-1080.0,-1098.0,-1130.0,-942.0,-516.0,-467.0,-939.0,-954.0,-953.0,-899.0,-1431.0,-403.0,-378.0,-879.0,-905.0,-897.0,-835.0,-723.0,-378.0,-239.0,-767.0,-768.0,-770.0
Kuwait,15.0,58.0,53.0,45.0,43.0,46.0,18.0,22.0,21.0,10.0,-322.0,-300.0,-180.0,1.0,8.0,-11.0,-8.0,-18.0,-17.0,-9.0,-1.0,8.0,-10.0,-16.0,-25.0,-26.0,-136.0,-58.0,-88.0,-202.0,-224.0,-237.0,-252.0,-235.0,-161.0,-167.0,-401.0,-288.0,-297.0,-296.0,-290.0,-242.0,-235.0,-299.0,-310.0,-318.0,-320.0,-324.0,-260.0,-267.0,-332.0,-339.0,-379.0,-380.0,-374.0,-287.0,-310.0,-371.0,-370.0,-374.0,-372.0,-365.0,-283.0,-310.0,-367.0,-366.0,-365.0,-361.0,-363.0,-331.0,-338.0,-394.0,-393.0,-395.0,-397.0,-388.0,-310.0,-332.0,-385.0,-389.0,-394.0,-399.0,-386.0,-292.0,-308.0,-411.0,-548.0,-544.0,-539.0
Kyrgyzstan,10.0,4.0,12.0,10.0,10.0,11.0,13.0,12.0,7.0,6.0,13.0,13.0,10.0,14.0,15.0,12.0,14.0,13.0,14.0,15.0,13.0,9.0,4.0,2.0,11.0,12.0,12.0,14.0,15.0,11.0,-13.0,-15.0,-19.0,-24.0,-26.0,-32.0,-20.0,-47.0,-52.0,-61.0,-65.0,-64.0,-57.0,-43.0,-65.0,-67.0,-69.0,-70.0,-68.0,-59.0,-46.0,-67.0,-72.0,-68.0,-70.0,-67.0,-57.0,-45.0,-67.0,-67.0,-67.0,-65.0,-63.0,-55.0,-42.0,-63.0,-64.0,-64.0,-64.0,-63.0,-53.0,-39.0,-62.0,-62.0,-61.0,-61.0,-63.0,-44.0,-30.0,-58.0,-62.0,-52.0,-53.0,-51.0,-46.0,-25.0,-45.0,-45.0,-43.0
Laos,5.0,4.0,10.0,10.0,9.0,11.0,17.0,5.0,6.0,9.0,9.0,8.0,10.0,14.0,7.0,6.0,11.0,10.0,7.0,10.0,8.0,5.0,2.0,-41.0,13.0,11.0,15.0,21.0,10.0,10.0,13.0,12.0,9.0,6.0,2.0,4.0,2.0,-10.0,-12.0,-16.0,-16.0,-13.0,-8.0,-9.0,-27.0,-30.0,-45.0,-45.0,-41.0,-26.0,-19.0,-49.0,-49.0,-49.0,-47.0,-43.0,-20.0,-20.0,-59.0,-61.0,-61.0,-60.0,-54.0,-28.0,-16.0,-39.0,-41.0,-41.0,-39.0,-35.0,-16.0,-9.0,-37.0,-38.0,-38.0,-36.0,-49.0,-13.0,-5.0,-21.0,-22.0,-25.0,-21.0,-14.0,-3.0,1.0,-20.0,-20.0,-21.0
Latvia,1.0,-1.0,30.0,86.0,89.0,53.0,32.0,-6.0,6.0,88.0,100.0,94.0,63.0,23.0,23.0,21.0,78.0,84.0,39.0,44.0,66.0,15.0,32.0,49.0,71.0,8.0,-12.0,-807.0,-66.0,-44.0,-1222.0,-1439.0,-1511.0,-1659.0,-1504.0,-125.0,-105.0,-1655.0,-1811.0,-1726.0,-1766.0,-1601.0,-189.0,-153.0,-1809.0,-1875.0,-1758.0,-1858.0,-1726.0,-188.0,-161.0,-1740.0,-1847.0,-1707.0,-1912.0,-3799.0,-248.0,-205.0,-3695.0,-1789.0,-1717.0,-1802.0,-1577.0,-154.0,-127.0,-1659.0,-1624.0,-1519.0,-1564.0,-1451.0,-136.0,-113.0,-1526.0,-1509.0,-1476.0,-1468.0,-3753.0,-181.0,-100.0,-4020.0,-1354.0,-1323.0,-1404.0,-1234.0,-77.0,-46.0,-1369.0,-1311.0,-1216.0
Lebanon,1.0,1.0,1.0,2.0,5.0,1.0,1.0,-1.0,1.0,1.0,2.0,4.0,0.0,3.0,-4.0,2.0,-11.0,-10.0,-9.0,-11.0,-11.0,-4.0,1.0,-14.0,-12.0,-13.0,-26.0,-33.0,-29.0,-24.0,-51.0,-55.0,-56.0,-58.0,-58.0,-48.0,-45.0,-65.0,-64.0,-67.0,-63.0,-62.0,-55.0,-41.0,-60.0,-59.0,-59.0,-59.0,-58.0,-49.0,-37.0,-59.0,-58.0,-57.0,-58.0,-65.0,-48.0,-49.0,-64.0,-54.0,-53.0,-54.0,-59.0,-43.0,-39.0,-59.0,-50.0,-49.0,-50.0,-51.0,-44.0,-35.0,-47.0,-46.0,-44.0,-45.0,-56.0,-34.0,-22.0,-40.0,-40.0,-38.0,-38.0,-36.0,-28.0,-14.0,-38.0,-37.0,-35.0
Libya,5.0,-11.0,-22.0,4.0,5.0,4.0,3.0,6.0,6.0,6.0,7.0,7.0,5.0,3.0,7.0,9.0,9.0,10.0,8.0,8.0,4.0,8.0,9.0,7.0,7.0,8.0,8.0,4.0,6.0,1.0,-2.0,-2.0,-5.0,-12.0,-9.0,-11.0,-24.0,-28.0,-30.0,-41.0,-39.0,-15.0,-27.0,-36.0,-42.0,-40.0,-39.0,-38.0,-16.0,-30.0,-35.0,-38.0,-39.0,-41.0,-38.0,-23.0,-30.0,-35.0,-35.0,-33.0,-31.0,-32.0,-13.0,-29.0,-36.0,-36.0,-34.0,-32.0,-32.0,-11.0,-23.0,-31.0,-30.0,-25.0,-23.0,-24.0,1.0,-15.0,-23.0,-22.0,-22.0,-20.0,-20.0,10.0,-8.0,-18.0,-19.0,-18.0,-19.0
Liechtenstein,0.0,0.0,-4.0,2.0,3.0,-5.0,-6.0,0.0,0.0,-26.0,-38.0,-13.0,-11.0,-13.0,0.0,0.0,-3.0,1.0,0.0,-4.0,-2.0,0.0,0.0,-4.0,-2.0,1.0,-2.0,0.0,0.0,0.0,-19.0,-25.0,-28.0,-70.0,-45.0,0.0,0.0,-35.0,-35.0,-35.0,-37.0,-37.0,0.0,0.0,-37.0,-35.0,-36.0,-36.0,-37.0,0.0,0.0,-37.0,-37.0,-36.0,-37.0,-79.0,0.0,0.0,-90.0,-38.0,-37.0,-40.0,-37.0,0.0,0.0,-35.0,-33.0,-32.0,-35.0,-36.0,0.0,0.0,-29.0,-29.0,-25.0,-28.0,-72.0,0.0,0.0,-29.0,-30.0,-25.0,-28.0,-28.0,0.0,0.0,-24.0,-23.0,-23.0
Lithuania,9.0,17.0,-177.0,-168.0,-175.0,-185.0,-185.0,-10.0,-1.0,26.0,29.0,31.0,10.0,18.0,24.0,25.0,32.0,31.0,24.0,31.0,35.0,29.0,79.0,17.0,9.0,-783.0,-8.0,-190.0,-66.0,-22.0,-377.0,-468.0,-496.0,-508.0,-499.0,-360.0,-303.0,-514.0,-537.0,-539.0,-546.0,-534.0,-340.0,-327.0,-541.0,-543.0,-555.0,-562.0,-548.0,-353.0,-271.0,-531.0,-544.0,-541.0,-549.0,-547.0,-405.0,-479.0,-941.0,-548.0,-552.0,-540.0,-510.0,-263.0,-229.0,-504.0,-501.0,-493.0,-493.0,-474.0,-206.0,-157.0,-444.0,-447.0,-443.0,-435.0,-796.0,-191.0,-26.0,-417.0,-413.0,-412.0,-404.0,-376.0,-31.0,52.0,-394.0,-389.0,-378.0
Luxembourg,-2.0,-3.0,-22.0,-22.0,-23.0,-23.0,-23.0,-4.0,-5.0,-4.0,0.0,0.0,-1.0,-1.0,1.0,-2.0,0.0,1.0,0.0,0.0,1.0,1.0,-3.0,0.0,-1.0,-3.0,-3.0,-7.0,-8.0,-14.0,-44.0,-54.0,-62.0,-68.0,-70.0,-63.0,-58.0,-75.0,-76.0,-77.0,-76.0,-76.0,-61.0,-60.0,-76.0,-76.0,-76.0,-76.0,-75.0,-60.0,-57.0,-75.0,-75.0,-76.0,-76.0,-77.0,-58.0,-57.0,-92.0,-73.0,-74.0,-73.0,-71.0,-52.0,-51.0,-66.0,-66.0,-65.0,-65.0,-64.0,-45.0,-45.0,-62.0,-63.0,-63.0,-62.0,-90.0,-44.0,-41.0,-58.0,-58.0,-58.0,-57.0,-56.0,-54.0,-35.0,-49.0,-49.0,-49.0
Malaysia,2.0,0.0,2.0,2.0,2.0,2.0,5.0,2.0,0.0,2.0,3.0,3.0,3.0,6.0,2.0,0.0,2.0,3.0,2.0,2.0,6.0,2.0,1.0,2.0,2.0,2.0,2.0,4.0,-3.0,-9.0,-11.0,-11.0,-50.0,-56.0,-59.0,-55.0,-55.0,-69.0,-68.0,-67.0,-67.0,-64.0,-56.0,-52.0,-65.0,-65.0,-65.0,-65.0,-63.0,-55.0,-51.0,-64.0,-65.0,-65.0,-64.0,-63.0,-53.0,-50.0,-62.0,-63.0,-63.0,-63.0,-61.0,-53.0,-49.0,-61.0,-61.0,-60.0,-60.0,-61.0,-51.0,-49.0,-58.0,-59.0,-58.0,-56.0,-70.0,-45.0,-44.0,-45.0,-45.0,-44.0,-59.0,-39.0,-31.0,-33.0,-49.0,-36.0,-34.0
Mali,4.0,4.0,5.0,5.0,3.0,4.0,4.0,5.0,2.0,5.0,5.0,6.0,5.0,5.0,6.0,6.0,8.0,7.0,7.0,7.0,7.0,7.0,8.0,7.0,7.0,7.0,6.0,6.0,5.0,6.0,5.0,4.0,4.0,-2.0,-2.0,-1.0,1.0,-2.0,-3.0,-4.0,-34.0,-9.0,-4.0,0.0,-9.0,-10.0,-11.0,-12.0,-11.0,-4.0,0.0,-10.0,-11.0,-13.0,-13.0,-12.0,-4.0,0.0,-37.0,-12.0,-12.0,-12.0,-12.0,-4.0,-1.0,-10.0,-12.0,-11.0,-11.0,-14.0,-6.0,5.0,-12.0,-14.0,-12.0,-12.0,-34.0,-3.0,8.0,-9.0,-12.0,-10.0,-9.0,-8.0,6.0,19.0,-5.0,-7.0,-8.0
Malta,3.0,2.0,3.0,3.0,3.0,3.0,0.0,0.0,2.0,-9.0,-7.0,-4.0,3.0,3.0,4.0,3.0,3.0,3.0,3.0,3.0,4.0,4.0,2.0,3.0,2.0,2.0,-3.0,-22.0,-14.0,-22.0,-34.0,-41.0,-44.0,-78.0,-53.0,-41.0,-47.0,-51.0,-53.0,-55.0,-54.0,-54.0,-47.0,-49.0,-62.0,-81.0,-54.0,-56.0,-56.0,-48.0,-48.0,-55.0,-56.0,-56.0,-58.0,-84.0,-50.0,-51.0,-59.0,-56.0,-56.0,-57.0,-56.0,-43.0,-44.0,-54.0,-53.0,-53.0,-54.0,-54.0,-42.0,-42.0,-51.0,-51.0,-51.0,-52.0,-78.0,-39.0,-37.0,-48.0,-47.0,-47.0,-48.0,-47.0,-31.0,-31.0,-45.0,-45.0,-45.0
Mauritius,315.0,13.0,38.0,-6.0,-14.0,-164.0,-665.0,256.0,12.0,60.0,41.0,72.0,16.0,164.0,343.0,43.0,44.0,32.0,72.0,21.0,181.0,302.0,-15.0,38.0,-140.0,-109.0,-710.0,-113.0,282.0,13.0,57.0,-182.0,25.0,-224.0,-708.0,-553.0,-622.0,-893.0,-931.0,-980.0,-954.0,-927.0,-723.0,-687.0,-927.0,-931.0,-920.0,-910.0,-877.0,-648.0,-698.0,-895.0,-901.0,-891.0,-898.0,-865.0,-633.0,-658.0,-891.0,-887.0,-876.0,-849.0,-812.0,-604.0,-643.0,-819.0,-825.0,-817.0,-831.0,-787.0,-595.0,-661.0,-804.0,-808.0,-793.0,-800.0,-882.0,-527.0,-631.0,-763.0,-758.0,-747.0,-752.0,-708.0,-458.0,-580.0,-700.0,-704.0,-677.0
Mexico,116.0,60.0,397.0,315.0,287.0,266.0,370.0,113.0,48.0,252.0,162.0,221.0,221.0,398.0,187.0,110.0,415.0,310.0,313.0,305.0,413.0,185.0,102.0,-430.0,305.0,303.0,282.0,201.0,121.0,41.0,-1670.0,-46.0,-281.0,-424.0,-450.0,-231.0,-358.0,-917.0,-1092.0,-1163.0,-1204.0,-1104.0,-582.0,-666.0,-1226.0,-1345.0,-1424.0,-1485.0,-1391.0,-880.0,-898.0,-1573.0,-1668.0,-1703.0,-2052.0,-2313.0,-1580.0,-1045.0,-1575.0,-1648.0,-1631.0,-1654.0,-1540.0,-949.0,-874.0,-1522.0,-1624.0,-1633.0,-1652.0,-1534.0,-998.0,-931.0,-1544.0,-1620.0,-1609.0,-1568.0,-1995.0,-1052.0,-825.0,-1506.0,-1638.0,-1578.0,-1593.0,-1463.0,-894.0,-414.0,-1482.0,-1533.0,-1535.0
Moldova,-1.0,4.0,4.0,5.0,4.0,4.0,5.0,3.0,7.0,-3.0,5.0,5.0,4.0,5.0,4.0,8.0,6.0,6.0,5.0,-8.0,-7.0,4.0,10.0,-2.0,5.0,-16.0,-17.0,-18.0,-6.0,-16.0,-34.0,-47.0,-52.0,-51.0,-51.0,-41.0,-42.0,-50.0,-53.0,-55.0,-55.0,-54.0,-42.0,-37.0,-57.0,-59.0,-58.0,-58.0,-57.0,-43.0,-37.0,-54.0,-57.0,-57.0,-57.0,-56.0,-41.0,-37.0,-54.0,-56.0,-55.0,-55.0,-56.0,-47.0,-41.0,-80.0,-57.0,-55.0,-54.0,-53.0,-36.0,-33.0,-55.0,-48.0,-48.0,-48.0,-62.0,-35.0,-26.0,-43.0,-42.0,-44.0,-44.0,-40.0,-26.0,-15.0,-39.0,-38.0,-37.0
Mongolia,-1.0,-1.0,-3.0,-4.0,-3.0,-5.0,-6.0,-6.0,-12.0,-68.0,-72.0,-69.0,-27.0,-23.0,-16.0,-13.0,-11.0,-12.0,-7.0,-6.0,-5.0,-2.0,-8.0,-4.0,-13.0,-28.0,-31.0,-28.0,-26.0,-23.0,-10.0,-12.0,-11.0,-13.0,-11.0,-6.0,-7.0,-9.0,-9.0,-9.0,-9.0,-8.0,-3.0,-2.0,-6.0,-6.0,-6.0,-5.0,-5.0,-3.0,-2.0,-5.0,-5.0,-4.0,-5.0,-5.0,-1.0,-1.0,-3.0,-4.0,-5.0,-3.0,-3.0,3.0,2.0,0.0,-3.0,-2.0,-2.0,-1.0,7.0,7.0,1.0,0.0,1.0,2.0,1.0,9.0,10.0,3.0,3.0,4.0,-4.0,4.0,9.0,12.0,6.0,6.0,6.0
Mozambique,1.0,-3.0,19.0,15.0,13.0,13.0,17.0,2.0,-5.0,20.0,17.0,17.0,16.0,18.0,2.0,-1.0,24.0,21.0,20.0,20.0,22.0,6.0,1.0,26.0,22.0,21.0,19.0,21.0,4.0,-3.0,24.0,20.0,19.0,17.0,20.0,2.0,-1.0,8.0,1.0,-2.0,-6.0,-4.0,-2.0,1.0,-4.0,-9.0,-13.0,-17.0,-13.0,-6.0,-2.0,-13.0,-63.0,-17.0,-19.0,-56.0,-6.0,-3.0,-11.0,-16.0,-18.0,-18.0,-14.0,-4.0,-1.0,-11.0,-15.0,-14.0,-15.0,-11.0,0.0,5.0,-7.0,-11.0,-11.0,-12.0,-59.0,-1.0,5.0,-4.0,-10.0,-8.0,-9.0,-5.0,6.0,9.0,-2.0,-6.0,-8.0
Myanmar (Burma),4.0,0.0,5.0,4.0,5.0,5.0,7.0,2.0,5.0,6.0,5.0,5.0,6.0,10.0,7.0,3.0,-40.0,6.0,7.0,7.0,9.0,7.0,-5.0,-35.0,5.0,4.0,4.0,6.0,9.0,8.0,1.0,2.0,3.0,3.0,5.0,7.0,6.0,-1.0,-5.0,-11.0,-13.0,-43.0,-13.0,-10.0,-21.0,-24.0,-29.0,-29.0,-28.0,-22.0,-19.0,-33.0,-37.0,-37.0,-41.0,-60.0,-48.0,-37.0,-67.0,-68.0,-68.0,-68.0,-67.0,-50.0,-33.0,-42.0,-45.0,-44.0,-44.0,-42.0,-34.0,-25.0,-41.0,-40.0,-39.0,-36.0,-53.0,-26.0,-18.0,-31.0,-31.0,-54.0,-28.0,-26.0,-17.0,-12.0,-26.0,-27.0,-27.0
Namibia,2.0,-1.0,6.0,6.0,6.0,6.0,11.0,4.0,3.0,10.0,11.0,11.0,9.0,11.0,6.0,8.0,12.0,10.0,10.0,10.0,13.0,10.0,8.0,8.0,8.0,8.0,9.0,11.0,6.0,3.0,-6.0,-12.0,-13.0,-14.0,-10.0,-20.0,-7.0,-13.0,-14.0,-15.0,-19.0,-22.0,-28.0,-28.0,-53.0,-54.0,-54.0,-56.0,-54.0,-35.0,-30.0,-56.0,-56.0,-57.0,-57.0,-78.0,-38.0,-33.0,-79.0,-53.0,-53.0,-53.0,-49.0,-35.0,-27.0,-49.0,-50.0,-49.0,-49.0,-45.0,-25.0,-22.0,-45.0,-45.0,-44.0,-43.0,-69.0,-19.0,-16.0,-72.0,-21.0,-17.0,-17.0,-13.0,-5.0,-7.0,-12.0,-12.0,-12.0
Nepal,2.0,8.0,5.0,7.0,6.0,10.0,-35.0,2.0,10.0,6.0,5.0,-6.0,7.0,8.0,6.0,11.0,6.0,6.0,5.0,12.0,9.0,4.0,-16.0,-43.0,-17.0,-3.0,8.0,8.0,12.0,11.0,8.0,6.0,5.0,4.0,-3.0,0.0,-14.0,-30.0,-70.0,-74.0,-74.0,-74.0,-54.0,-72.0,-74.0,-74.0,-73.0,-72.0,-71.0,-50.0,-69.0,-72.0,-71.0,-71.0,-70.0,-68.0,-50.0,-65.0,-72.0,-71.0,-71.0,-70.0,-69.0,-52.0,-68.0,-70.0,-71.0,-68.0,-65.0,-66.0,-47.0,-63.0,-65.0,-64.0,-63.0,-61.0,-67.0,-42.0,-58.0,-62.0,-62.0,-60.0,-65.0,-54.0,-35.0,-49.0,-50.0,-50.0,-55.0
Netherlands,0.0,-44.0,-117.0,-109.0,-108.0,-125.0,-156.0,-47.0,-32.0,-229.0,-174.0,-130.0,-124.0,-122.0,-14.0,10.0,27.0,31.0,40.0,29.0,28.0,15.0,-3.0,20.0,0.0,-16.0,-25.0,-120.0,-67.0,-133.0,-476.0,-559.0,-563.0,-602.0,-572.0,-326.0,-395.0,-631.0,-662.0,-647.0,-671.0,-629.0,-373.0,-440.0,-665.0,-665.0,-639.0,-662.0,-619.0,-352.0,-367.0,-643.0,-645.0,-617.0,-639.0,-689.0,-301.0,-365.0,-1101.0,-620.0,-588.0,-608.0,-567.0,-251.0,-271.0,-606.0,-600.0,-565.0,-590.0,-558.0,-214.0,-244.0,-1023.0,-611.0,-576.0,-595.0,-560.0,-195.0,-190.0,-667.0,-901.0,-509.0,-537.0,-487.0,-85.0,-2.0,-508.0,-498.0,-472.0
New Zealand,57.0,1.0,334.0,257.0,257.0,304.0,308.0,81.0,19.0,353.0,277.0,275.0,324.0,322.0,58.0,30.0,379.0,296.0,274.0,327.0,313.0,68.0,11.0,267.0,289.0,284.0,331.0,320.0,86.0,26.0,341.0,245.0,215.0,258.0,225.0,9.0,-67.0,39.0,-411.0,-712.0,-1163.0,-1165.0,-994.0,-915.0,-1153.0,-1179.0,-1168.0,-1160.0,-1152.0,-941.0,-877.0,-1132.0,-1158.0,-1149.0,-1140.0,-1444.0,-900.0,-938.0,-1408.0,-1167.0,-1144.0,-1122.0,-1116.0,-865.0,-843.0,-1088.0,-1099.0,-1077.0,-1037.0,-1010.0,-888.0,-747.0,-1330.0,-660.0,-687.0,-653.0,-622.0,-525.0,-619.0,-604.0,-653.0,-633.0,-589.0,-549.0,-433.0,-449.0,-535.0,-555.0,-528.0
Nicaragua,4.0,1.0,12.0,11.0,10.0,10.0,14.0,4.0,1.0,15.0,11.0,12.0,11.0,14.0,7.0,3.0,16.0,14.0,13.0,13.0,16.0,5.0,2.0,17.0,16.0,14.0,14.0,17.0,4.0,3.0,15.0,14.0,12.0,4.0,0.0,-9.0,-13.0,-8.0,-13.0,-14.0,-16.0,-15.0,-17.0,-17.0,-13.0,-15.0,-15.0,-17.0,-14.0,-17.0,-16.0,-35.0,-37.0,-43.0,-65.0,-68.0,-46.0,-24.0,-29.0,-29.0,-21.0,-22.0,-16.0,-14.0,-14.0,-7.0,-9.0,-9.0,-10.0,-9.0,-11.0,-13.0,-5.0,-8.0,-8.0,-9.0,-52.0,-17.0,-13.0,-7.0,-9.0,-9.0,-11.0,-9.0,-14.0,-17.0,-13.0,-16.0,-18.0
Niger,9.0,6.0,-3.0,3.0,4.0,3.0,5.0,7.0,4.0,3.0,3.0,3.0,3.0,4.0,7.0,6.0,4.0,5.0,5.0,6.0,7.0,6.0,10.0,4.0,4.0,4.0,4.0,7.0,8.0,6.0,5.0,6.0,5.0,4.0,1.0,-7.0,1.0,-12.0,-13.0,-14.0,-17.0,-14.0,-14.0,-1.0,-22.0,-26.0,-26.0,-25.0,-23.0,-12.0,0.0,-23.0,-24.0,-23.0,-23.0,-22.0,-10.0,0.0,-43.0,-20.0,-21.0,-20.0,-18.0,-8.0,2.0,-21.0,-21.0,-19.0,-20.0,-35.0,-6.0,7.0,-19.0,-20.0,-19.0,-20.0,-35.0,-4.0,11.0,-19.0,-19.0,-15.0,-14.0,-10.0,2.0,16.0,-15.0,-16.0,-13.0
Nigeria,300.0,219.0,226.0,157.0,149.0,112.0,210.0,246.0,112.0,148.0,143.0,169.0,165.0,234.0,135.0,211.0,157.0,123.0,127.0,154.0,266.0,278.0,246.0,184.0,130.0,64.0,22.0,138.0,142.0,86.0,3.0,-8.0,-9.0,-11.0,109.0,92.0,-39.0,-292.0,-535.0,-685.0,-816.0,-788.0,-346.0,-227.0,-1069.0,-1256.0,-1384.0,-1294.0,-1152.0,-585.0,-235.0,-1314.0,-1307.0,-1354.0,-1314.0,-1488.0,-529.0,-257.0,-1797.0,-1334.0,-1284.0,-1212.0,-1085.0,-389.0,-139.0,-1286.0,-1327.0,-1317.0,-1298.0,-1140.0,-499.0,-219.0,-1360.0,-1421.0,-1362.0,-1298.0,-1334.0,-306.0,-136.0,-1071.0,-1157.0,-1064.0,-1082.0,-826.0,-169.0,-58.0,-1008.0,-1069.0,-982.0
North Macedonia,4.0,4.0,19.0,3.0,2.0,0.0,18.0,2.0,4.0,20.0,4.0,3.0,1.0,18.0,4.0,9.0,22.0,5.0,3.0,3.0,20.0,3.0,7.0,20.0,2.0,-17.0,-21.0,-11.0,-12.0,-30.0,-23.0,-38.0,-41.0,-44.0,-36.0,-36.0,-43.0,-43.0,-53.0,-54.0,-55.0,-45.0,-50.0,-51.0,-43.0,-52.0,-55.0,-55.0,-44.0,-52.0,-54.0,-43.0,-52.0,-55.0,-56.0,-48.0,-82.0,-75.0,-45.0,-54.0,-54.0,-55.0,-70.0,-82.0,-75.0,-90.0,-52.0,-53.0,-49.0,-42.0,-43.0,-71.0,-37.0,-46.0,-46.0,-47.0,-78.0,-55.0,-46.0,-32.0,-41.0,-43.0,-41.0,-31.0,-28.0,-30.0,-28.0,-38.0,-38.0
Norway,-9.0,-29.0,-141.0,-132.0,-137.0,-165.0,-182.0,-39.0,-22.0,-51.0,-45.0,-41.0,-55.0,-66.0,-12.0,-7.0,-34.0,-30.0,-34.0,-40.0,-47.0,-12.0,-17.0,-19.0,-14.0,-25.0,-114.0,-412.0,-268.0,-314.0,-550.0,-590.0,-601.0,-608.0,-606.0,-390.0,-400.0,-603.0,-611.0,-601.0,-602.0,-588.0,-389.0,-398.0,-589.0,-589.0,-579.0,-584.0,-573.0,-362.0,-372.0,-685.0,-697.0,-758.0,-1016.0,-1012.0,-418.0,-397.0,-1019.0,-546.0,-542.0,-537.0,-513.0,-245.0,-234.0,-492.0,-486.0,-477.0,-474.0,-469.0,-227.0,-222.0,-431.0,-425.0,-415.0,-433.0,-971.0,-187.0,-194.0,-404.0,-396.0,-387.0,-389.0,-368.0,-128.0,-163.0,-354.0,-325.0,-300.0
Oman,0.0,8.0,8.0,8.0,8.0,8.0,-2.0,1.0,9.0,9.0,9.0,9.0,9.0,0.0,3.0,11.0,10.0,10.0,10.0,11.0,0.0,3.0,11.0,10.0,9.0,10.0,10.0,-1.0,2.0,0.0,-2.0,-3.0,-6.0,-10.0,-17.0,-15.0,-50.0,-20.0,-29.0,-33.0,-33.0,-32.0,-30.0,-34.0,-36.0,-36.0,-42.0,-44.0,-36.0,-34.0,-42.0,-43.0,-43.0,-43.0,-42.0,-37.0,-37.0,-47.0,-46.0,-47.0,-46.0,-45.0,-35.0,-35.0,-44.0,-44.0,-44.0,-43.0,-42.0,-33.0,-37.0,-44.0,-44.0,-43.0,-41.0,-41.0,-34.0,-31.0,-41.0,-41.0,-41.0,-40.0,-39.0,-31.0,-30.0,-39.0,-39.0,-39.0,-40.0
Pakistan,2.0,2.0,3.0,4.0,4.0,2.0,3.0,3.0,3.0,4.0,5.0,5.0,2.0,1.0,2.0,6.0,2.0,3.0,3.0,1.0,-1.0,2.0,5.0,2.0,4.0,3.0,2.0,3.0,0.0,4.0,-7.0,-8.0,-12.0,-16.0,-19.0,-18.0,-21.0,-68.0,-58.0,-62.0,-63.0,-64.0,-59.0,-41.0,-62.0,-62.0,-60.0,-59.0,-60.0,-52.0,-34.0,-53.0,-54.0,-55.0,-57.0,-55.0,-48.0,-33.0,-52.0,-52.0,-48.0,-48.0,-50.0,-40.0,-23.0,-43.0,-43.0,-43.0,-43.0,-46.0,-42.0,-26.0,-45.0,-43.0,-42.0,-42.0,-61.0,-37.0,-20.0,-39.0,-40.0,-39.0,-38.0,-41.0,-30.0,-13.0,-32.0,-32.0,-31.0
Panama,5.0,4.0,5.0,3.0,4.0,4.0,2.0,-13.0,-9.0,-64.0,-73.0,-34.0,-2.0,1.0,5.0,7.0,6.0,5.0,7.0,7.0,9.0,5.0,4.0,7.0,4.0,0.0,-5.0,-5.0,-6.0,-12.0,-18.0,-28.0,-32.0,-37.0,-37.0,-43.0,-43.0,-54.0,-61.0,-72.0,-73.0,-72.0,-68.0,-59.0,-72.0,-73.0,-75.0,-74.0,-74.0,-70.0,-74.0,-74.0,-74.0,-74.0,-76.0,-87.0,-84.0,-75.0,-73.0,-73.0,-73.0,-72.0,-72.0,-82.0,-74.0,-71.0,-71.0,-71.0,-71.0,-70.0,-80.0,-72.0,-69.0,-69.0,-69.0,-68.0,-83.0,-79.0,-71.0,-67.0,-67.0,-67.0,-67.0,-66.0,-77.0,-69.0,-64.0,-64.0,-64.0
Papua New Guinea,11.0,7.0,8.0,7.0,8.0,10.0,11.0,8.0,10.0,8.0,9.0,13.0,13.0,18.0,17.0,16.0,15.0,14.0,14.0,15.0,17.0,15.0,16.0,13.0,14.0,18.0,18.0,19.0,19.0,19.0,16.0,16.0,15.0,12.0,13.0,13.0,14.0,10.0,-19.0,-17.0,-17.0,-15.0,0.0,11.0,-17.0,-18.0,-15.0,-16.0,-12.0,6.0,12.0,-5.0,-2.0,-2.0,-3.0,-50.0,-12.0,6.0,-54.0,-2.0,-1.0,2.0,-3.0,6.0,10.0,-5.0,-6.0,-5.0,-1.0,2.0,11.0,17.0,6.0,7.0,7.0,9.0,11.0,12.0,15.0,11.0,13.0,16.0,20.0,22.0,22.0,24.0,21.0,21.0,21.0
Paraguay,2.0,-2.0,11.0,11.0,12.0,14.0,14.0,4.0,3.0,16.0,14.0,16.0,19.0,17.0,7.0,4.0,20.0,19.0,20.0,21.0,19.0,7.0,5.0,20.0,19.0,7.0,4.0,-1.0,-3.0,-10.0,-12.0,-19.0,-25.0,-26.0,-27.0,-48.0,-39.0,-57.0,-61.0,-62.0,-61.0,-59.0,-54.0,-30.0,-44.0,-44.0,-49.0,-50.0,-51.0,-51.0,-34.0,-62.0,-61.0,-65.0,-73.0,-82.0,-59.0,-29.0,-48.0,-46.0,-47.0,-45.0,-44.0,-40.0,-22.0,-40.0,-41.0,-40.0,-39.0,-38.0,-35.0,-19.0,-35.0,-35.0,-34.0,-32.0,-66.0,-35.0,-17.0,-25.0,-26.0,-26.0,-24.0,-23.0,-21.0,-8.0,-21.0,-26.0,-21.0
Peru,-4.0,-21.0,41.0,41.0,25.0,20.0,13.0,4.0,0.0,-40.0,-18.0,-20.0,-18.0,33.0,50.0,19.0,68.0,84.0,88.0,96.0,119.0,74.0,88.0,94.0,80.0,49.0,31.0,-12.0,-28.0,-17.0,-777.0,-1549.0,-1653.0,-1728.0,-1733.0,-1589.0,-1279.0,-1723.0,-1742.0,-1736.0,-1720.0,-1665.0,-1512.0,-1217.0,-1643.0,-1668.0,-1692.0,-1688.0,-1713.0,-1614.0,-1759.0,-1693.0,-1749.0,-1686.0,-2190.0,-2192.0,-1498.0,-1754.0,-1611.0,-1675.0,-1676.0,-1689.0,-1660.0,-1478.0,-1725.0,-1585.0,-1757.0,-1643.0,-1655.0,-1598.0,-1427.0,-1726.0,-1528.0,-1586.0,-1592.0,-1571.0,-1775.0,-1417.0,-1718.0,-1493.0,-1546.0,-1537.0,-1569.0,-1492.0,-1244.0,-1585.0,-1439.0,-1456.0,-1454.0
Philippines,6.0,1.0,8.0,5.0,5.0,6.0,8.0,7.0,2.0,4.0,-43.0,6.0,6.0,8.0,9.0,5.0,9.0,7.0,6.0,7.0,8.0,7.0,3.0,7.0,-4.0,-5.0,-6.0,-9.0,-6.0,-10.0,-31.0,-55.0,-62.0,-65.0,-66.0,-57.0,-50.0,-69.0,-71.0,-72.0,-72.0,-72.0,-62.0,-54.0,-73.0,-74.0,-74.0,-74.0,-73.0,-63.0,-54.0,-72.0,-74.0,-74.0,-80.0,-82.0,-67.0,-55.0,-71.0,-73.0,-72.0,-72.0,-71.0,-62.0,-54.0,-71.0,-72.0,-72.0,-72.0,-71.0,-61.0,-53.0,-69.0,-71.0,-70.0,-69.0,-74.0,-58.0,-51.0,-66.0,-67.0,-67.0,-67.0,-65.0,-53.0,-45.0,-63.0,-65.0,-64.0
Poland,13.0,-40.0,223.0,-23.0,-41.0,-41.0,118.0,38.0,-59.0,319.0,71.0,56.0,47.0,225.0,70.0,24.0,343.0,87.0,66.0,67.0,231.0,68.0,76.0,340.0,81.0,18.0,-283.0,-224.0,-226.0,-442.0,-425.0,-650.0,-684.0,-698.0,-591.0,-453.0,-559.0,-554.0,-717.0,-758.0,-766.0,-657.0,-469.0,-604.0,-616.0,-755.0,-785.0,-796.0,-692.0,-527.0,-452.0,-641.0,-782.0,-788.0,-824.0,-861.0,-804.0,-680.0,-1493.0,-826.0,-772.0,-752.0,-634.0,-371.0,-452.0,-539.0,-678.0,-681.0,-679.0,-563.0,-359.0,-228.0,-469.0,-623.0,-643.0,-660.0,-1351.0,-451.0,-348.0,-420.0,-581.0,-587.0,-565.0,-435.0,-141.0,-98.0,-361.0,-525.0,-526.0
Portugal,26.0,20.0,59.0,55.0,52.0,32.0,13.0,7.0,43.0,-590.0,-1343.0,-322.0,1.0,15.0,18.0,-10.0,65.0,47.0,45.0,43.0,40.0,56.0,54.0,41.0,31.0,12.0,-46.0,-138.0,-292.0,-467.0,-807.0,-946.0,-1005.0,-1141.0,-1203.0,-1107.0,-1039.0,-1238.0,-1268.0,-1275.0,-1286.0,-1266.0,-1095.0,-1054.0,-1267.0,-1288.0,-1294.0,-1295.0,-1278.0,-1107.0,-1114.0,-1285.0,-1290.0,-1276.0,-1395.0,-1723.0,-1138.0,-1111.0,-1466.0,-1253.0,-1261.0,-1260.0,-1230.0,-963.0,-930.0,-1207.0,-1205.0,-1197.0,-1202.0,-1179.0,-1028.0,-886.0,-1157.0,-1161.0,-1149.0,-1146.0,-1655.0,-875.0,-672.0,-1023.0,-1016.0,-1001.0,-994.0,-962.0,-631.0,-608.0,-941.0,-939.0,-936.0
Puerto Rico,-3.0,-4.0,-27.0,8.0,8.0,8.0,10.0,-1.0,-4.0,15.0,6.0,9.0,9.0,10.0,-1.0,-4.0,-8.0,9.0,9.0,8.0,9.0,-2.0,-5.0,12.0,7.0,7.0,6.0,6.0,-4.0,-11.0,-37.0,-51.0,-55.0,-57.0,-55.0,-45.0,-45.0,-59.0,-59.0,-60.0,-60.0,-58.0,-49.0,-48.0,-56.0,-62.0,-62.0,-63.0,-61.0,-52.0,-66.0,-59.0,-62.0,-62.0,-66.0,-84.0,-65.0,-63.0,-54.0,-58.0,-57.0,-56.0,-57.0,-45.0,-55.0,-52.0,-57.0,-54.0,-55.0,-54.0,-43.0,-52.0,-49.0,-54.0,-52.0,-52.0,-50.0,-39.0,-47.0,-42.0,-47.0,-46.0,-47.0,-44.0,-34.0,-38.0,-39.0,-43.0,-43.0
Qatar,5.0,3.0,4.0,4.0,4.0,3.0,2.0,5.0,5.0,5.0,4.0,4.0,4.0,4.0,6.0,4.0,5.0,5.0,5.0,5.0,4.0,7.0,6.0,6.0,2.0,2.0,0.0,-4.0,0.0,-5.0,-8.0,-15.0,-20.0,-22.0,-24.0,-18.0,-26.0,-27.0,-29.0,-29.0,-30.0,-32.0,-25.0,-31.0,-31.0,-32.0,-33.0,-35.0,-36.0,-29.0,-36.0,-36.0,-37.0,-37.0,-37.0,-40.0,-39.0,-36.0,-37.0,-37.0,-39.0,-37.0,-38.0,-37.0,-35.0,-36.0,-36.0,-37.0,-37.0,-40.0,-39.0,-38.0,-39.0,-39.0,-39.0,-39.0,-38.0,-39.0,-38.0,-39.0,-38.0,-38.0,-36.0,-36.0,-36.0,-35.0,-36.0,-35.0,-36.0
Romania,172.0,151.0,78.0,84.0,82.0,85.0,1138.0,226.0,160.0,68.0,132.0,122.0,108.0,1184.0,267.0,302.0,153.0,157.0,147.0,161.0,1250.0,310.0,292.0,85.0,20.0,-700.0,-774.0,-21.0,-100.0,-432.0,-1170.0,-1277.0,-1355.0,-1429.0,-754.0,-796.0,-1145.0,-1878.0,-2004.0,-2175.0,-2149.0,-1548.0,-1513.0,-1592.0,-2132.0,-2199.0,-2187.0,-2158.0,-1576.0,-1463.0,-1589.0,-2142.0,-2156.0,-2137.0,-2117.0,-1604.0,-1314.0,-1404.0,-2247.0,-2165.0,-2122.0,-2168.0,-2647.0,-1781.0,-2153.0,-3528.0,-2425.0,-2114.0,-2086.0,-1481.0,-1051.0,-1168.0,-1899.0,-1903.0,-1900.0,-1879.0,-2460.0,-1157.0,-1245.0,-1851.0,-1783.0,-1817.0,-1758.0,-1006.0,-599.0,-606.0,-1637.0,-1664.0,-1605.0
Rwanda,5.0,6.0,7.0,4.0,2.0,3.0,3.0,3.0,0.0,4.0,3.0,2.0,2.0,-1.0,-10.0,-1.0,3.0,3.0,3.0,2.0,1.0,5.0,1.0,5.0,5.0,3.0,4.0,4.0,11.0,1.0,-14.0,-21.0,-24.0,-24.0,-24.0,-8.0,-24.0,-58.0,-63.0,-64.0,-63.0,-62.0,-43.0,-31.0,-61.0,-61.0,-60.0,-60.0,-59.0,-37.0,-26.0,-58.0,-73.0,-59.0,-60.0,-65.0,-37.0,-27.0,-68.0,-58.0,-57.0,-58.0,-58.0,-37.0,-25.0,-58.0,-57.0,-59.0,-58.0,-56.0,-35.0,-22.0,-56.0,-56.0,-57.0,-55.0,-61.0,-32.0,-19.0,-36.0,-35.0,-35.0,-34.0,-32.0,-10.0,-9.0,-30.0,-31.0,-30.0
RÃ©union,-10.0,0.0,-1.0,7.0,0.0,0.0,4.0,-10.0,0.0,-1.0,1.0,1.0,2.0,2.0,-14.0,0.0,-3.0,2.0,-2.0,0.0,1.0,-10.0,0.0,-14.0,-6.0,-6.0,-7.0,-6.0,-12.0,0.0,-19.0,-35.0,-55.0,-56.0,-55.0,-57.0,-57.0,-59.0,-64.0,-63.0,-67.0,-60.0,-57.0,-52.0,-65.0,-64.0,-62.0,-63.0,-62.0,-57.0,-55.0,-57.0,-59.0,-62.0,-59.0,-59.0,-53.0,-50.0,-79.0,-55.0,-60.0,-57.0,-55.0,-51.0,-54.0,-57.0,-57.0,-57.0,-59.0,-54.0,-46.0,-45.0,-54.0,-53.0,-56.0,-55.0,-74.0,-45.0,-43.0,-49.0,-51.0,-51.0,-49.0,-64.0,-42.0,-41.0,-39.0,-36.0,-35.0
Saudi Arabia,-19.0,64.0,53.0,54.0,44.0,39.0,-91.0,-21.0,57.0,48.0,31.0,4.0,29.0,-65.0,-6.0,56.0,51.0,43.0,38.0,44.0,-71.0,-5.0,49.0,-154.0,-156.0,-155.0,-162.0,-71.0,-13.0,-183.0,-303.0,-342.0,-371.0,-400.0,-249.0,-216.0,-466.0,-530.0,-539.0,-545.0,-559.0,-425.0,-338.0,-549.0,-564.0,-564.0,-560.0,-560.0,-457.0,-366.0,-571.0,-596.0,-697.0,-702.0,-693.0,-540.0,-499.0,-674.0,-683.0,-691.0,-692.0,-682.0,-511.0,-484.0,-674.0,-680.0,-680.0,-684.0,-684.0,-563.0,-526.0,-689.0,-665.0,-659.0,-626.0,-618.0,-437.0,-401.0,-612.0,-619.0,-618.0,-606.0,-599.0,-406.0,-366.0,-575.0,-586.0,-584.0,-585.0
Senegal,1.0,2.0,2.0,2.0,2.0,1.0,3.0,2.0,2.0,2.0,0.0,2.0,2.0,3.0,5.0,4.0,5.0,3.0,2.0,1.0,3.0,4.0,5.0,4.0,4.0,3.0,3.0,3.0,3.0,2.0,-12.0,-14.0,-15.0,-16.0,-16.0,-13.0,-7.0,-26.0,-32.0,-34.0,-35.0,-35.0,-24.0,-10.0,-34.0,-35.0,-35.0,-35.0,-34.0,-31.0,-9.0,-33.0,-34.0,-34.0,-34.0,-33.0,-22.0,-7.0,-53.0,-33.0,-32.0,-33.0,-32.0,-21.0,-7.0,-32.0,-33.0,-33.0,-33.0,-32.0,-24.0,-9.0,-34.0,-36.0,-35.0,-34.0,-52.0,-23.0,-7.0,-34.0,-34.0,-34.0,-32.0,-32.0,-19.0,-4.0,-31.0,-30.0,-30.0
Serbia,-11.0,-1.0,-46.0,-5.0,-9.0,-10.0,-10.0,-4.0,2.0,15.0,10.0,5.0,3.0,3.0,4.0,4.0,16.0,9.0,3.0,5.0,3.0,1.0,4.0,12.0,6.0,1.0,0.0,-3.0,-5.0,-7.0,-18.0,-29.0,-38.0,-42.0,-43.0,-35.0,-46.0,-52.0,-59.0,-61.0,-61.0,-60.0,-50.0,-50.0,-56.0,-59.0,-61.0,-62.0,-60.0,-60.0,-77.0,-56.0,-59.0,-60.0,-60.0,-61.0,-81.0,-75.0,-54.0,-58.0,-58.0,-58.0,-76.0,-83.0,-77.0,-90.0,-53.0,-55.0,-54.0,-53.0,-78.0,-72.0,-44.0,-47.0,-50.0,-50.0,-91.0,-52.0,-38.0,-41.0,-44.0,-51.0,-42.0,-40.0,-22.0,-17.0,-27.0,-32.0,-33.0
Singapore,-4.0,-7.0,-4.0,-5.0,-5.0,-5.0,0.0,-3.0,-5.0,-3.0,-3.0,-4.0,-4.0,1.0,0.0,-3.0,-2.0,-1.0,-2.0,-2.0,3.0,0.0,-2.0,-1.0,-1.0,-2.0,-2.0,1.0,0.0,-3.0,-11.0,-12.0,-14.0,-16.0,-13.0,-3.0,-8.0,-11.0,-13.0,-15.0,-16.0,-14.0,-8.0,-15.0,-18.0,-18.0,-22.0,-27.0,-20.0,-7.0,-10.0,-24.0,-52.0,-63.0,-64.0,-83.0,-51.0,-49.0,-64.0,-65.0,-66.0,-66.0,-65.0,-51.0,-49.0,-66.0,-67.0,-68.0,-69.0,-67.0,-55.0,-52.0,-68.0,-68.0,-69.0,-69.0,-83.0,-54.0,-49.0,-67.0,-67.0,-67.0,-83.0,-66.0,-51.0,-46.0,-66.0,-65.0,-65.0
Slovakia,27.0,17.0,-46.0,-43.0,-55.0,-58.0,-77.0,24.0,3.0,-44.0,-41.0,-55.0,-58.0,-73.0,40.0,5.0,-32.0,-30.0,-40.0,-37.0,-53.0,16.0,28.0,-9.0,-54.0,-89.0,-131.0,-224.0,-200.0,-263.0,-388.0,-437.0,-446.0,-450.0,-445.0,-369.0,-356.0,-442.0,-445.0,-448.0,-451.0,-441.0,-303.0,-344.0,-424.0,-421.0,-420.0,-422.0,-419.0,-287.0,-325.0,-402.0,-402.0,-447.0,-498.0,-767.0,-349.0,-385.0,-784.0,-424.0,-397.0,-391.0,-388.0,-197.0,-304.0,-367.0,-366.0,-362.0,-363.0,-364.0,-203.0,-238.0,-340.0,-336.0,-340.0,-346.0,-702.0,-173.0,-229.0,-311.0,-315.0,-314.0,-320.0,-662.0,-72.0,-88.0,-275.0,-276.0,-279.0
Slovenia,141.0,30.0,-541.0,-525.0,-523.0,-598.0,-588.0,20.0,-3.0,-503.0,-461.0,-563.0,-556.0,-515.0,7.0,-39.0,126.0,101.0,106.0,118.0,113.0,68.0,33.0,60.0,31.0,-22.0,-153.0,-729.0,-334.0,-349.0,-2380.0,-2795.0,-2936.0,-3031.0,-3055.0,-1091.0,-820.0,-3166.0,-3240.0,-3299.0,-3345.0,-3172.0,-1105.0,-811.0,-3197.0,-3153.0,-3211.0,-3219.0,-3102.0,-1093.0,-700.0,-3034.0,-3060.0,-3061.0,-3082.0,-3135.0,-1136.0,-751.0,-4964.0,-2942.0,-2866.0,-2849.0,-2771.0,-754.0,-501.0,-2658.0,-2641.0,-2597.0,-2606.0,-2510.0,-668.0,-474.0,-4689.0,-2798.0,-2845.0,-2854.0,-4906.0,-1112.0,-266.0,-2062.0,-2092.0,-2023.0,-1983.0,-1885.0,-287.0,-169.0,-1853.0,-1932.0,-1746.0
South Africa,-4.0,-14.0,37.0,37.0,30.0,23.0,23.0,12.0,-10.0,42.0,51.0,47.0,39.0,36.0,48.0,75.0,76.0,91.0,84.0,79.0,75.0,62.0,35.0,62.0,46.0,31.0,23.0,23.0,35.0,17.0,26.0,-9.0,-55.0,-119.0,-134.0,-173.0,-95.0,-187.0,-184.0,-208.0,-282.0,-713.0,-536.0,-437.0,-699.0,-694.0,-683.0,-688.0,-679.0,-497.0,-388.0,-688.0,-692.0,-692.0,-695.0,-822.0,-516.0,-406.0,-819.0,-674.0,-671.0,-664.0,-652.0,-465.0,-365.0,-643.0,-641.0,-640.0,-638.0,-623.0,-419.0,-344.0,-787.0,-613.0,-608.0,-589.0,-711.0,-287.0,-199.0,-458.0,-467.0,-456.0,-456.0,-442.0,-219.0,-155.0,-436.0,-440.0,-435.0
South Korea,1.0,-3.0,0.0,2.0,1.0,1.0,0.0,-4.0,-9.0,-6.0,-10.0,-11.0,-10.0,-12.0,-10.0,-16.0,-8.0,-9.0,-11.0,-9.0,-9.0,-8.0,-14.0,-6.0,-9.0,-8.0,-7.0,-7.0,-5.0,-12.0,-6.0,-6.0,-7.0,-7.0,-6.0,-5.0,-12.0,-5.0,-6.0,-8.0,-7.0,-8.0,-7.0,-12.0,-6.0,-5.0,-8.0,-6.0,-6.0,-8.0,-13.0,-3.0,-4.0,-6.0,-4.0,-5.0,-7.0,-13.0,-3.0,-3.0,-50.0,-4.0,-6.0,-4.0,-12.0,-2.0,-2.0,-4.0,-2.0,-2.0,-4.0,-8.0,-1.0,-1.0,-3.0,-54.0,-46.0,-15.0,-9.0,-18.0,-56.0,-1.0,-1.0,-1.0,-7.0,-5.0,0.0,-1.0,-2.0
Spain,-1.0,-15.0,78.0,76.0,74.0,59.0,5.0,51.0,32.0,-180.0,-200.0,-22.0,5.0,-79.0,16.0,41.0,3.0,62.0,69.0,3.0,-19.0,11.0,31.0,65.0,52.0,-1.0,-65.0,-321.0,-591.0,-940.0,-988.0,-1120.0,-1155.0,-1383.0,-1275.0,-1235.0,-1286.0,-1235.0,-1284.0,-1290.0,-1306.0,-1296.0,-1258.0,-1258.0,-1418.0,-1461.0,-1451.0,-1457.0,-1437.0,-1286.0,-1328.0,-1420.0,-1431.0,-1426.0,-1704.0,-1769.0,-1249.0,-1305.0,-1485.0,-1287.0,-1293.0,-1299.0,-1282.0,-1188.0,-1273.0,-1254.0,-1256.0,-1248.0,-1303.0,-1248.0,-1163.0,-1200.0,-1197.0,-1211.0,-1202.0,-1203.0,-1701.0,-1032.0,-1001.0,-1096.0,-1100.0,-1093.0,-1098.0,-1081.0,-917.0,-990.0,-946.0,-973.0,-972.0
Sri Lanka,3.0,3.0,6.0,7.0,5.0,5.0,-18.0,0.0,3.0,7.0,8.0,5.0,7.0,7.0,8.0,6.0,7.0,8.0,6.0,7.0,5.0,1.0,2.0,-60.0,8.0,6.0,7.0,2.0,2.0,-1.0,-54.0,-34.0,-46.0,-48.0,-53.0,-70.0,-56.0,-75.0,-72.0,-79.0,-72.0,-74.0,-65.0,-50.0,-70.0,-75.0,-71.0,-75.0,-74.0,-62.0,-45.0,-68.0,-77.0,-73.0,-66.0,-73.0,-59.0,-45.0,-79.0,-77.0,-73.0,-66.0,-70.0,-57.0,-41.0,-57.0,-59.0,-58.0,-58.0,-57.0,-57.0,-42.0,-68.0,-57.0,-57.0,-56.0,-73.0,-53.0,-38.0,-53.0,-54.0,-54.0,-74.0,-72.0,-49.0,-34.0,-38.0,-38.0,-37.0
Sweden,-37.0,-86.0,-148.0,-134.0,-137.0,-162.0,-185.0,-53.0,-2.0,-71.0,-59.0,-69.0,-86.0,-114.0,26.0,-50.0,-75.0,-65.0,-83.0,-82.0,-99.0,1.0,-19.0,-8.0,11.0,-18.0,-62.0,-154.0,-122.0,-194.0,-297.0,-377.0,-501.0,-512.0,-527.0,-265.0,-296.0,-501.0,-508.0,-509.0,-525.0,-532.0,-292.0,-367.0,-539.0,-537.0,-539.0,-573.0,-581.0,-339.0,-374.0,-674.0,-676.0,-697.0,-871.0,-1741.0,-483.0,-508.0,-1783.0,-632.0,-622.0,-635.0,-652.0,-242.0,-264.0,-500.0,-471.0,-468.0,-486.0,-506.0,-205.0,-226.0,-496.0,-477.0,-471.0,-668.0,-1732.0,-257.0,-204.0,-488.0,-448.0,-446.0,-457.0,-473.0,-93.0,-232.0,-473.0,-442.0,-436.0
Switzerland,-8.0,-43.0,-42.0,-40.0,-51.0,-148.0,-174.0,-39.0,39.0,-245.0,-237.0,-181.0,-178.0,-157.0,-54.0,-22.0,-112.0,-37.0,-56.0,-70.0,-56.0,-49.0,-68.0,-30.0,-38.0,-52.0,-93.0,-106.0,-181.0,-263.0,-502.0,-774.0,-914.0,-1214.0,-1124.0,-1096.0,-930.0,-1152.0,-1211.0,-1224.0,-1241.0,-1205.0,-1097.0,-953.0,-1197.0,-1212.0,-1208.0,-1260.0,-1201.0,-1070.0,-849.0,-1181.0,-1210.0,-1193.0,-1237.0,-2270.0,-1059.0,-789.0,-2300.0,-1157.0,-1137.0,-1165.0,-1120.0,-919.0,-721.0,-1051.0,-1051.0,-1035.0,-1054.0,-1039.0,-857.0,-678.0,-931.0,-958.0,-932.0,-980.0,-1415.0,-791.0,-597.0,-864.0,-895.0,-851.0,-864.0,-825.0,-536.0,-370.0,-657.0,-635.0,-659.0
Taiwan,56.0,-8.0,-3.0,2.0,3.0,2.0,0.0,5.0,-2.0,1.0,11.0,11.0,9.0,-50.0,-4.0,0.0,10.0,14.0,14.0,11.0,10.0,11.0,3.0,10.0,11.0,14.0,12.0,9.0,6.0,1.0,10.0,14.0,13.0,11.0,9.0,9.0,0.0,8.0,12.0,12.0,10.0,7.0,3.0,-1.0,6.0,9.0,7.0,-50.0,-55.0,-23.0,-9.0,3.0,7.0,8.0,7.0,4.0,4.0,-5.0,5.0,8.0,8.0,7.0,3.0,5.0,-4.0,5.0,8.0,8.0,6.0,3.0,4.0,-5.0,5.0,9.0,8.0,6.0,-36.0,-5.0,-6.0,5.0,9.0,9.0,7.0,4.0,2.0,-8.0,5.0,8.0,9.0
Tajikistan,14.0,2.0,15.0,14.0,17.0,18.0,17.0,17.0,5.0,15.0,17.0,17.0,15.0,18.0,19.0,5.0,17.0,20.0,21.0,19.0,24.0,17.0,8.0,-29.0,19.0,22.0,22.0,22.0,21.0,10.0,19.0,19.0,19.0,17.0,9.0,-26.0,-4.0,-33.0,-30.0,-26.0,-9.0,8.0,13.0,10.0,10.0,9.0,10.0,13.0,15.0,15.0,6.0,14.0,12.0,13.0,6.0,15.0,15.0,-1.0,13.0,12.0,11.0,13.0,14.0,9.0,-2.0,10.0,9.0,8.0,7.0,3.0,1.0,-5.0,-9.0,-12.0,-12.0,-18.0,-29.0,-32.0,-27.0,-37.0,-40.0,-39.0,-40.0,-39.0,-40.0,-26.0,-47.0,-38.0,-39.0
Tanzania,2.0,2.0,1.0,0.0,0.0,0.0,-1.0,1.0,-6.0,1.0,-1.0,-1.0,0.0,-1.0,0.0,-2.0,-2.0,-1.0,-3.0,-1.0,-2.0,0.0,-2.0,-2.0,-3.0,-2.0,-1.0,-3.0,-2.0,-4.0,-2.0,-3.0,-6.0,-9.0,-10.0,-6.0,-10.0,-11.0,-12.0,-13.0,-12.0,-13.0,-7.0,-9.0,-14.0,-15.0,-15.0,-15.0,-15.0,-9.0,-12.0,-16.0,-43.0,-17.0,-18.0,-45.0,-17.0,-25.0,-52.0,-19.0,-19.0,-19.0,-22.0,-19.0,-14.0,-20.0,-22.0,-22.0,-22.0,-21.0,-15.0,-12.0,-21.0,-23.0,-25.0,-23.0,-45.0,-15.0,-12.0,-22.0,-23.0,-22.0,-21.0,-21.0,-12.0,-8.0,-20.0,-21.0,-21.0
Thailand,7.0,2.0,2.0,0.0,0.0,1.0,1.0,4.0,2.0,0.0,-2.0,-1.0,-1.0,-1.0,5.0,3.0,-2.0,-4.0,-4.0,-4.0,-6.0,2.0,1.0,-6.0,-7.0,-7.0,-7.0,-7.0,3.0,-2.0,-10.0,-12.0,-13.0,-14.0,-15.0,-4.0,-10.0,-20.0,-23.0,-24.0,-26.0,-26.0,-14.0,-21.0,-27.0,-28.0,-30.0,-30.0,-30.0,-19.0,-25.0,-49.0,-32.0,-32.0,-32.0,-32.0,-22.0,-24.0,-35.0,-36.0,-35.0,-33.0,-33.0,-20.0,-22.0,-29.0,-30.0,-30.0,-30.0,-29.0,-19.0,-22.0,-28.0,-29.0,-29.0,-28.0,-54.0,-23.0,-17.0,-44.0,-28.0,-50.0,-25.0,-25.0,-12.0,-14.0,-34.0,-24.0,-24.0
The Bahamas,0.0,3.0,2.0,1.0,-1.0,-3.0,-6.0,0.0,0.0,-5.0,0.0,2.0,0.0,0.0,3.0,0.0,1.0,0.0,2.0,1.0,1.0,2.0,0.0,1.0,2.0,3.0,1.0,1.0,3.0,1.0,-8.0,-14.0,-16.0,-19.0,-31.0,-35.0,-36.0,-43.0,-63.0,-64.0,-64.0,-62.0,-57.0,-52.0,-62.0,-63.0,-62.0,-63.0,-62.0,-81.0,-76.0,-63.0,-64.0,-63.0,-82.0,-89.0,-79.0,-76.0,-89.0,-60.0,-60.0,-60.0,-59.0,-74.0,-74.0,-57.0,-58.0,-57.0,-57.0,-56.0,-75.0,-75.0,-55.0,-56.0,-54.0,-56.0,-52.0,-74.0,-75.0,-49.0,-49.0,-48.0,-48.0,-46.0,-73.0,-74.0,-47.0,-46.0,-45.0
Togo,2.0,-2.0,0.0,0.0,0.0,-2.0,0.0,-45.0,-3.0,-2.0,1.0,2.0,2.0,1.0,1.0,0.0,2.0,1.0,3.0,3.0,2.0,4.0,2.0,2.0,4.0,3.0,3.0,3.0,1.0,-1.0,2.0,2.0,2.0,1.0,1.0,-4.0,-7.0,-14.0,-19.0,-19.0,-20.0,-19.0,-13.0,-9.0,-21.0,-22.0,-26.0,-25.0,-24.0,-27.0,-11.0,-22.0,-23.0,-23.0,-23.0,-24.0,-16.0,-11.0,-54.0,-20.0,-20.0,-21.0,-21.0,-10.0,-10.0,-18.0,-19.0,-18.0,-18.0,-17.0,-7.0,-12.0,-54.0,-15.0,-15.0,-14.0,-55.0,-5.0,-11.0,-13.0,-14.0,-13.0,-13.0,-11.0,0.0,-5.0,-12.0,-11.0,-11.0
Trinidad and Tobago,2.0,3.0,0.0,0.0,0.0,-2.0,-5.0,-3.0,10.0,-73.0,-75.0,-16.0,-6.0,-4.0,1.0,3.0,1.0,1.0,1.0,0.0,2.0,3.0,4.0,0.0,0.0,-1.0,-1.0,-1.0,-3.0,-5.0,-21.0,-26.0,-29.0,-31.0,-28.0,-21.0,-22.0,-33.0,-35.0,-37.0,-38.0,-34.0,-21.0,-17.0,-85.0,-64.0,-65.0,-65.0,-63.0,-51.0,-41.0,-64.0,-66.0,-66.0,-65.0,-82.0,-53.0,-42.0,-84.0,-63.0,-64.0,-63.0,-61.0,-48.0,-38.0,-62.0,-62.0,-62.0,-61.0,-59.0,-44.0,-33.0,-59.0,-59.0,-59.0,-58.0,-56.0,-41.0,-29.0,-56.0,-56.0,-55.0,-56.0,-52.0,-34.0,-9.0,-51.0,-50.0,-50.0
Turkey,7.0,5.0,8.0,8.0,9.0,10.0,7.0,8.0,7.0,9.0,9.0,10.0,11.0,8.0,7.0,7.0,10.0,10.0,11.0,12.0,9.0,10.0,8.0,10.0,10.0,11.0,12.0,6.0,4.0,1.0,-12.0,-19.0,-23.0,-25.0,-30.0,-26.0,-35.0,-37.0,-42.0,-43.0,-43.0,-45.0,-40.0,-45.0,-47.0,-49.0,-49.0,-50.0,-50.0,-46.0,-48.0,-51.0,-52.0,-51.0,-50.0,-51.0,-78.0,-70.0,-48.0,-49.0,-49.0,-47.0,-48.0,-76.0,-66.0,-44.0,-45.0,-45.0,-80.0,-78.0,-74.0,-63.0,-43.0,-45.0,-43.0,-42.0,-80.0,-72.0,-61.0,-40.0,-41.0,-40.0,-39.0,-40.0,-64.0,-51.0,-36.0,-37.0,-36.0
Uganda,7.0,4.0,9.0,9.0,7.0,7.0,12.0,8.0,5.0,10.0,10.0,8.0,8.0,10.0,9.0,7.0,12.0,12.0,10.0,10.0,14.0,10.0,7.0,10.0,12.0,10.0,9.0,13.0,9.0,5.0,5.0,11.0,9.0,6.0,3.0,3.0,0.0,-4.0,-10.0,-19.0,-38.0,-42.0,-35.0,-23.0,-44.0,-63.0,-65.0,-63.0,-61.0,-51.0,-31.0,-60.0,-59.0,-60.0,-61.0,-63.0,-49.0,-30.0,-67.0,-59.0,-58.0,-57.0,-55.0,-49.0,-27.0,-56.0,-55.0,-56.0,-56.0,-52.0,-44.0,-23.0,-53.0,-52.0,-53.0,-52.0,-56.0,-44.0,-19.0,-51.0,-50.0,-49.0,-49.0,-45.0,-36.0,-16.0,-45.0,-45.0,-45.0
United Arab Emirates,23.0,19.0,18.0,20.0,18.0,11.0,0.0,32.0,29.0,30.0,26.0,21.0,17.0,10.0,37.0,32.0,33.0,30.0,24.0,27.0,5.0,35.0,-14.0,-18.0,-22.0,-25.0,-26.0,-4.0,21.0,-27.0,-44.0,-56.0,-71.0,-77.0,-79.0,-41.0,-113.0,-134.0,-182.0,-228.0,-266.0,-371.0,-401.0,-300.0,-307.0,-305.0,-312.0,-314.0,-299.0,-234.0,-361.0,-360.0,-358.0,-359.0,-364.0,-326.0,-281.0,-361.0,-358.0,-359.0,-363.0,-361.0,-303.0,-275.0,-350.0,-355.0,-354.0,-357.0,-355.0,-315.0,-270.0,-335.0,-334.0,-328.0,-326.0,-322.0,-273.0,-234.0,-308.0,-311.0,-309.0,-305.0,-303.0,-247.0,-204.0,-288.0,-295.0,-293.0,-302.0
United Kingdom,-580.0,-384.0,-2076.0,-1872.0,-1888.0,-1940.0,-2051.0,-224.0,-69.0,-290.0,151.0,90.0,50.0,-74.0,131.0,201.0,125.0,198.0,98.0,96.0,115.0,256.0,207.0,57.0,58.0,-13.0,-137.0,-426.0,-249.0,-497.0,-1147.0,-2331.0,-3004.0,-3606.0,-3872.0,-3466.0,-4111.0,-6392.0,-8456.0,-9433.0,-9751.0,-9813.0,-8373.0,-7960.0,-10171.0,-10260.0,-10262.0,-10295.0,-10135.0,-8301.0,-7728.0,-10243.0,-10308.0,-10297.0,-10320.0,-11766.0,-8342.0,-8421.0,-12344.0,-10327.0,-10171.0,-10169.0,-10082.0,-7768.0,-7063.0,-9772.0,-9821.0,-9773.0,-9779.0,-9652.0,-7393.0,-6851.0,-9571.0,-9754.0,-9656.0,-9679.0,-9475.0,-7099.0,-6571.0,-9418.0,-9383.0,-9276.0,-9348.0,-11304.0,-7058.0,-6446.0,-9156.0,-9058.0,-9004.0
United States,941.0,968.0,-48474.0,-15.0,2419.0,-926.0,1340.0,6493.0,4963.0,7655.0,3220.0,4279.0,1631.0,6006.0,6262.0,7002.0,9658.0,4720.0,5517.0,5104.0,5649.0,7193.0,4414.0,2449.0,-1132.0,-946.0,-4259.0,-9253.0,-798.0,-9655.0,-33739.0,-50864.0,-61078.0,-67988.0,-71422.0,-40647.0,-55392.0,-83129.0,-95264.0,-99325.0,-101456.0,-99190.0,-60201.0,-67680.0,-100888.0,-108938.0,-109532.0,-111586.0,-109246.0,-67064.0,-73129.0,-108836.0,-115494.0,-116676.0,-118419.0,-132486.0,-70183.0,-87807.0,-113231.0,-110282.0,-109527.0,-109264.0,-105919.0,-59359.0,-66759.0,-102492.0,-106723.0,-107999.0,-108734.0,-103842.0,-57009.0,-63988.0,-96898.0,-103122.0,-103862.0,-103013.0,-97305.0,-49715.0,-53713.0,-90253.0,-94903.0,-94696.0,-94362.0,-92233.0,-43997.0,-45810.0,-85561.0,-88706.0,-88617.0
Uruguay,47.0,-35.0,143.0,167.0,196.0,151.0,159.0,77.0,50.0,-515.0,-516.0,184.0,170.0,199.0,104.0,-57.0,370.0,462.0,523.0,536.0,569.0,146.0,36.0,595.0,588.0,566.0,549.0,566.0,7.0,-190.0,54.0,-108.0,-288.0,-361.0,-377.0,-426.0,-579.0,-486.0,-583.0,-601.0,-631.0,-588.0,-547.0,-585.0,-581.0,-607.0,-625.0,-634.0,-560.0,-487.0,-573.0,-749.0,-775.0,-786.0,-941.0,-1172.0,-725.0,-488.0,-470.0,-538.0,-475.0,-467.0,-425.0,-353.0,-409.0,-360.0,-394.0,-378.0,-399.0,-392.0,-369.0,-431.0,-364.0,-506.0,-313.0,-332.0,-1233.0,-343.0,-341.0,-286.0,-286.0,-262.0,-272.0,-199.0,-178.0,-83.0,-188.0,-201.0,-189.0
Venezuela,5.0,3.0,10.0,6.0,5.0,7.0,-6.0,6.0,6.0,-54.0,-59.0,2.0,6.0,12.0,11.0,7.0,12.0,9.0,9.0,7.0,13.0,9.0,7.0,11.0,3.0,11.0,10.0,13.0,6.0,0.0,-33.0,-50.0,-54.0,-56.0,-54.0,-38.0,-30.0,-57.0,-60.0,-59.0,-59.0,-55.0,-35.0,-25.0,-55.0,-57.0,-57.0,-58.0,-56.0,-37.0,-29.0,-55.0,-58.0,-58.0,-67.0,-69.0,-40.0,-29.0,-52.0,-54.0,-53.0,-53.0,-50.0,-31.0,-24.0,-49.0,-53.0,-52.0,-52.0,-48.0,-28.0,-21.0,-46.0,-49.0,-48.0,-47.0,-55.0,-25.0,-18.0,-43.0,-45.0,-45.0,-44.0,-40.0,-16.0,5.0,-42.0,-42.0,-42.0
Vietnam,-4.0,-7.0,5.0,7.0,7.0,5.0,-5.0,-3.0,-5.0,6.0,9.0,8.0,7.0,-3.0,-2.0,-3.0,12.0,14.0,11.0,11.0,3.0,4.0,-2.0,10.0,13.0,11.0,8.0,-2.0,0.0,-5.0,8.0,8.0,7.0,5.0,-4.0,-3.0,-7.0,4.0,6.0,3.0,-1.0,-12.0,-15.0,-20.0,-11.0,-11.0,-23.0,-58.0,-36.0,-33.0,-32.0,-25.0,-23.0,-23.0,-24.0,-30.0,-29.0,-30.0,-23.0,-19.0,-19.0,-16.0,-25.0,-23.0,-22.0,-14.0,-12.0,-12.0,-10.0,-19.0,-16.0,-13.0,-3.0,0.0,-1.0,-48.0,-58.0,-34.0,-9.0,5.0,9.0,9.0,8.0,-2.0,-1.0,-2.0,14.0,17.0,16.0
Yemen,3.0,3.0,5.0,5.0,4.0,6.0,4.0,7.0,7.0,8.0,7.0,6.0,9.0,7.0,8.0,-1.0,6.0,4.0,4.0,6.0,6.0,4.0,2.0,3.0,4.0,2.0,4.0,4.0,3.0,2.0,-1.0,-1.0,-3.0,2.0,8.0,1.0,-2.0,-3.0,-6.0,-10.0,-2.0,5.0,-1.0,-5.0,-6.0,-6.0,-8.0,-5.0,2.0,-2.0,-7.0,-7.0,-7.0,-9.0,-3.0,1.0,-6.0,-10.0,-8.0,-8.0,-8.0,-3.0,5.0,-3.0,-7.0,-7.0,-12.0,-12.0,-8.0,-3.0,-10.0,-13.0,-12.0,-10.0,-10.0,-9.0,6.0,-14.0,-19.0,-14.0,-14.0,-13.0,-8.0,11.0,-7.0,-14.0,-12.0,-13.0,-14.0
Zambia,7.0,2.0,8.0,6.0,4.0,1.0,6.0,5.0,0.0,5.0,5.0,6.0,6.0,8.0,7.0,7.0,10.0,10.0,9.0,10.0,12.0,10.0,12.0,-44.0,10.0,8.0,-43.0,9.0,9.0,7.0,8.0,8.0,8.0,5.0,5.0,4.0,1.0,-2.0,-4.0,-5.0,-8.0,-8.0,0.0,0.0,-12.0,-15.0,-15.0,-17.0,-14.0,-1.0,-1.0,-17.0,-19.0,-18.0,-20.0,-46.0,-16.0,-3.0,-51.0,-16.0,-18.0,-19.0,-15.0,-1.0,-2.0,-16.0,-18.0,-18.0,-18.0,-15.0,0.0,1.0,-15.0,-15.0,-14.0,-14.0,-44.0,0.0,2.0,-12.0,-12.0,-13.0,-13.0,-9.0,7.0,7.0,-10.0,-11.0,-11.0
Zimbabwe,0.0,-2.0,8.0,7.0,5.0,2.0,-58.0,-4.0,0.0,2.0,6.0,6.0,6.0,7.0,5.0,7.0,11.0,9.0,9.0,8.0,7.0,5.0,10.0,11.0,10.0,10.0,9.0,8.0,8.0,8.0,12.0,10.0,9.0,8.0,11.0,7.0,6.0,5.0,-10.0,-20.0,-27.0,-30.0,-2.0,14.0,-72.0,-72.0,-70.0,-71.0,-68.0,-56.0,-36.0,-67.0,-67.0,-66.0,-66.0,-78.0,-58.0,-35.0,-80.0,-64.0,-65.0,-64.0,-62.0,-53.0,-29.0,-59.0,-58.0,-58.0,-58.0,-56.0,-43.0,-23.0,-55.0,-54.0,-54.0,-53.0,-71.0,-40.0,-20.0,-40.0,-39.0,-38.0,-37.0,-33.0,-24.0,-12.0,-31.0,-31.0,-30.0
