,begin_quarantine,full_quarantine,time_to_full_quarantine,strength_of_quarantine,length_of_full_quarantine,day_quit_quarantine,increase_rate_from_quit_quarantine,increase_before_drop,quarantine_enforcement
Abruzzo Region,52.97690268513898,57.008622131961474,4.031719446822498,85.78908300382523,40.79569911041625,97.80432124237772,1.1380158867345755,8.738571428571404,17.749490937499996
Agder,57.78622070661559,60.7647935486338,2.9785728420182136,55.76416485425166,1.2351851755448777,61.999978724178675,1.2846616224175607,20.811428571428564,0.0
Aguascalientes,62.844904854511284,65.92012104366863,3.0752161891573397,60.61727530990737,24.07986756918325,89.99998861285188,0.6167407279293394,1.3071428571428498,83.67187760416665
Aichi Prefecture,81.32462701151556,86.31938353245715,4.994756520941589,43.421763124996545,12.680549706580365,98.99993323903752,0.2804462308470712,29.17999999999998,33.934774305555536
Akita Prefecture,80.62514687797699,85.51184233811443,4.886695460137449,45.502868688088896,20.488122704931868,105.9999650430463,0.3074491565026248,54.16714285714286,77.92782274999998
Alabama,64.01832256081268,67.16674699001696,3.1484244292042898,47.64696556419261,22.833353893795106,90.00010088381207,1.8517846553991268,28.035714285714278,102.52884272211719
Alagoas,61.51089620333787,65.51152563251398,4.00062942917611,63.783296841460064,3.488453178120878,68.99997881063486,0.3529413179421936,-4.262857142857129,1.4769555555555545
Alaska,62.14990320088941,65.42259069574564,3.272687494856231,45.596638811598794,21.28948034601892,86.71207104176456,2.0865618515965427,17.59571428571428,60.835237188208644
Alberta,58.857553246508786,63.556904704230774,4.699351457721984,61.488534969301874,22.874311896476343,86.43121660070712,1.3145027540172336,17.68428571428572,70.70391266540643
Alsace Region,59.49402222516713,63.13821694317579,3.6441947180086602,79.67513399681312,34.646337021007355,97.78455396418315,1.771843715289012,1.4185714285714255,59.26466340830449
Amazonas,62.72707653055174,65.02247146685818,2.2953949363064363,39.50068558143681,33.54572130646018,98.56819277331836,1.667259666018361,21.764285714285734,185.54020404040403
Andalusia,58.74689863427039,61.40261739072674,2.655718756456351,113.62757670380263,26.680546798451495,88.08316418917823,0.7368262551443968,42.10714285714283,56.338785459533625
Ang Thong Province,64.38437078197678,76.73358895285453,12.34921817087776,114.07250639037935,6.723974195210758e-07,76.73358962525195,1.7081010489365989,32.62428571428572,0.0
Antofagasta Region,62.222878098785706,64.56826840112572,2.3453903023400158,59.929858775903035,4.431738427938939,69.00000682906466,0.6282317394209447,15.854285714285737,35.90653599999995
Antwerp Province,58.75018223165659,61.40912099374287,2.6589387620862794,72.75840993471095,33.873157142663906,95.28227813640677,1.1887733934252098,15.632857142857148,51.300995934256065
Aomori Prefecture,81.99374071285703,85.68541568133998,3.6916749684829453,32.82698157465598,15.31787295175549,101.00328863309547,0.3316703234771311,36.84428571428572,56.096710937500006
Apulia Region,53.00529535813758,56.98559559384379,3.980300235706213,86.33874839497457,41.88419673130215,98.86979232514594,1.5960102499769375,13.731428571428594,63.11670595238096
Aquitaine Region,60.36275043951019,63.07135668373207,2.7086062442218872,80.35493944922543,34.845732964041154,97.91708964777322,2.100433446303874,0.21857142857142264,51.48104818339101
Aragon,57.797180424220734,61.121373872336584,3.324193448115856,117.17133902839655,28.76953022273974,89.89090409507632,0.9918655582181417,56.20285714285714,43.543588137755094
Arizona,62.249670303769314,66.3887091848391,4.1390388810697925,57.13947062445996,23.611296040389007,90.00000522522811,0.9878389397912876,22.71714285714286,61.40945763888889
Arkansas,61.74123349059678,64.30262674293647,2.561393252339693,36.935270275348536,25.69736213811244,89.9999888810489,1.367458539780568,25.799999999999997,91.99709023999999
Asturias,57.99091902852144,60.634666724277544,2.6437476957561037,108.51878968468505,29.563734767833587,90.19840149211113,1.2893124663484568,34.93428571428569,103.83150455555553
Auckland Region,64.89630014850435,70.81625550215624,5.9199553536518845,93.40738477167226,26.3096381895146,97.12589369167084,2.1776370093003723,6.555714285714288,120.57780192043893
Australian Capital Territory,63.18967099957668,70.20507298600212,7.015401986425448,55.209398616198705,13.597045130727821,83.80211811672994,0.6872970633191967,5.975714285714275,74.41232899408283
Autonomous Region Aosta Valley,55.91467668236917,56.033749459277395,0.11907277690822266,153.33406263291783,36.93470226346951,92.9684517227469,0.4108852440027177,94.30571428571426,129.97645208333336
Autonomous Region Friuli-Venezia Giulia,55.34759648610102,57.0224326669103,1.6748361808092846,81.83620407970221,33.098047205022105,90.1204798719324,1.1434499584897913,-1.6671428571428635,35.43302442607898
Autonomous Region Sardinia,53.36458277714826,56.67464675468051,3.310063977532257,81.1744371337941,40.69936215164488,97.37400890632539,1.2711233282844296,13.34571428571428,47.665956335514565
Autonomous Region Trentino-Alto Adige/Südtirol,52.67359052334713,58.272414760138034,5.598824236790911,137.2087375001082,1.5054968000923807,59.777911560230415,0.47078886689573934,73.20999999999998,0.0
Auvergne Region,60.143887425929904,63.458877630586926,3.314990204657026,83.98922488039284,34.43971329038271,97.89859092096964,2.171776584345995,13.530000000000001,72.7868131487889
Baden-Württemberg,58.992868519758154,64.2289621973141,5.236093677555946,72.949681755964,3.771061879210464,68.00002407652457,0.7934917917099934,12.20571428571428,19.588649999999994
Bahia,57.625155002959644,65.95726128524386,8.332106282284219,57.05219151256168,4.042763701384459,70.00002498662832,0.4213797082962572,-17.452857142857155,74.38258400000001
Bailiwick of Jersey,56.441392433038494,60.767752050945894,4.326359617907397,42.19661215879284,16.23222706303546,76.99997911398135,0.9549524273628605,21.39999999999999,309.04561835937494
Baja California,62.49187667192617,65.3933677092162,2.9014910372900196,74.78467632279403,30.29281034812375,95.68617805733994,1.0395862233706057,21.295714285714283,63.86152400000001
Baja California Sur,64.24232441162228,67.9572129206539,3.714888509031636,86.92481759738479,31.564994948650806,99.52220786930471,0.45876924824926013,24.070000000000007,91.22217958984376
Balearic Islands,60.143330211260384,61.70107592845306,1.5577457171926798,106.63325409600411,34.957616451541405,96.65869237999446,1.3882922896257188,40.76285714285714,99.62521110204084
Banská Bystrica Region,55.336358513807525,58.940665631041185,3.6043071172336556,59.57373601610104,29.059337746883656,88.00000337792484,1.5622546742908114,11.198571428571412,149.7725765555556
Baranya County,58.033379402767864,62.05713090752809,4.023751504760224,55.66797429100626,26.762825242967722,88.81995615049581,1.1719527047697096,15.695714285714303,154.9908923076923
Basilicata Region,52.63977259661775,57.21557282884334,4.575800232225589,87.90118055603406,46.320269419354126,103.53584224819747,1.4487402673488776,16.362857142857152,24.262167722117205
Basque Country,57.79852420215242,61.06255718483416,3.2640329826817425,102.18184269801138,24.877158768894873,85.93971595372903,0.8449636311627624,24.744285714285724,45.8532998263889
Bavaria,58.92608142697932,65.40873249178243,6.482651064803101,87.68473130598356,2.591359549625139,68.00009204140757,0.9840971618730802,15.207142857142841,8.37335555555555
Bay of Plenty Region,61.01954725564412,70.61349596331132,9.593948707667195,91.78261386445756,23.667912171301836,94.28140813461316,1.6893351095538103,-6.6200000000000045,75.75258263888888
Biobío Region,52.920905729712445,64.97278588052951,12.051880150817073,118.65297141285734,4.027213485430892,68.9999993659604,0.7165538347954918,32.49428571428572,37.27299999999998
Blekinge County,57.2587972882448,59.294695213405795,2.0358979251609965,28.096117138351158,4.569617067344339,63.864312280750134,0.7307558132028747,22.66857142857144,44.68251875
Borsod-Abaúj-Zemplén County,60.49788729039006,63.18133477249179,2.6834474821017227,43.513824624869805,25.700063254036287,88.88139802652807,1.2342406645346007,14.784285714285716,154.27340415999998
Brandenburg,59.90685564539112,64.51082131525605,4.603965669864933,50.781297657464336,21.73689607561377,86.24771739086982,1.25885995038942,5.471428571428575,73.56178677685949
Bratislava Region,56.91901057523847,59.625225186845974,2.7062146116075008,58.30553075199308,8.374835220010802,68.00006040685678,0.6204885339099088,-9.581428571428575,77.44857283950617
Bremen (state),58.48944477324788,62.64359407095364,4.154149297705752,54.970165552080786,25.530474558912772,88.17406862986641,0.9496055637350246,5.00142857142859,59.53782307692308
British Columbia,60.92577722632856,65.59825280657283,4.672475580244262,59.67568712347866,17.401395337100908,82.99964814367374,0.9221653376704911,14.299999999999983,68.06906020761245
Brittany Region,60.117266407422846,62.919440832456445,2.8021744250335994,77.62099381226443,40.64800256695099,103.56744339940744,3.234857136399334,3.3785714285714477,82.0531265913147
Burgenland,61.34895597448228,61.681068237207626,0.3321122627253449,60.65201273044351,26.89178881026875,88.57285704747638,1.5438455626485805,10.20714285714287,161.89698134430725
Burgundy Region,60.91078783556712,63.91527593784123,3.004488102274113,84.58633721969252,35.78845459191811,99.70373052975934,2.1668384362154662,8.407142857142844,125.23293333333335
Buri Ram Province,65.74078760954454,72.13458350507806,6.393795895533508,77.30925401795835,16.197882904227455,88.33246640930551,1.1446611895375458,27.811428571428564,56.93364023437501
Busan Metropolitan City,36.454919047689465,41.50981419139706,5.054895143707601,60.10783141977293,2.02879049006669,43.53860468146375,0.42177927600380666,-4.171428571428578,0.10240000000000019
Bács-Kiskun County,59.665249893030996,63.25829263898162,3.5930427459506245,50.12653869829832,12.741696144467006,75.99998878344863,0.8355583407653756,10.677142857142854,102.77252430555558
Békés County,58.20062237204719,62.35673943935274,4.156117067305543,38.65602582043171,26.643258608461295,88.99999804781403,1.087986798861254,-0.5628571428571405,89.80425384615384
Calabria Region,53.317579468832164,57.30486996765549,3.98729049882333,81.94554101038713,41.456581530700134,98.76145149835563,1.348133335618815,2.4542857142857173,29.299756692444976
California,59.88804253598035,64.27866108354715,4.390618547566809,67.40843164776534,25.721338944665717,90.00000002821287,0.9823089743471772,17.344285714285704,53.23846923076923
Campania Region,53.192377833822924,57.12891117430561,3.93653334048268,93.50698467756506,42.618993184571785,99.74790435887739,1.7545153873449895,10.234285714285718,22.997361678004534
Campeche,64.53272772756766,67.50873674531486,2.976009017747198,60.82683224970703,30.251154474252075,97.75989121956694,0.9796459100668248,3.552857142857164,93.85991822222223
Canary Islands,58.790722057057344,61.86870463341251,3.077982576355169,103.93188574394082,27.320743169115595,89.18944780252811,0.5432072870209622,11.650000000000006,83.09730969387758
Cantabria,57.46514925302179,60.780136598207534,3.3149873451857395,125.78207745663808,28.69581003396364,89.47594663217117,1.4011932902246873,57.04857142857142,182.50076789536269
Canterbury Region,65.2548765078271,71.29812857650035,6.043252068673229,95.17163788109944,24.46548095510262,95.76360953160297,2.13754222443243,6.859999999999999,71.33459166666667
Canton of Aargau,58.960462217854555,63.697066824022855,4.736604606168293,53.804411663209976,4.302930369725331,67.99999719374819,0.8155799559137266,5.478571428571428,36.28612500000001
Canton of Appenzell Ausserrhoden,59.60735359389106,63.33175089049048,3.724397296599422,51.72605586207829,0.07638819430248134,63.408139084792964,0.9556639006998103,-0.9399999999999835,0.0
Canton of Basel-Landschaft,54.79252703313877,65.20481258793583,10.412285554797071,50.25373333544739,3.7951825633420952,68.99999515127793,0.7474747655636795,1.6985714285714266,15.365600000000015
Canton of Basel-Stadt,52.48731482121105,65.54236196111178,13.055047139900733,65.4832106574914,3.062673891889659,68.60503585300144,0.6868999599263711,-3.4457142857143026,4.33242222222222
Canton of Bern,57.72047836911236,63.25952921216604,5.539050843053684,64.02375377407856,4.740458537169829,67.99998774933587,0.8706191496957301,16.360000000000014,8.320768749999997
Canton of Fribourg,58.23695877301994,63.24050259791655,5.003543824896611,62.86134610841865,4.759484844110297,67.99998744202685,0.9644360900540321,5.862857142857138,9.58536874999999
Canton of Geneva,58.197540654509794,63.044853640138015,4.847312985628222,73.69794597416032,24.39242679640975,87.43728043654777,0.9717883881005647,-0.5271428571428487,56.92845208333333
Canton of Glarus,57.07604361174792,61.58957442255672,4.513530810808799,67.8737265411326,6.4103942379597925,67.99996866051652,1.044307225953686,16.431428571428583,143.5925
Canton of Graubünden,52.7829298056395,63.00034517994496,10.217415374305462,128.325521470354,3.999536949582975,66.99988212952793,0.910647570244394,59.52571428571426,1.3054888888888885
Canton of Jura,58.14693723516517,63.646802241389906,5.499865006224739,56.013062684825194,5.353179713702943,68.99998195509285,0.9486632877336822,1.2785714285714391,60.694615999999954
Canton of Lucerne,58.70234176811055,62.826286353487255,4.123944585376709,54.96369332941722,5.1737140919901705,68.00000044547743,0.7882853450434776,0.411428571428587,60.81119166666665
Canton of Neuchâtel,58.122601220034234,63.25516996367718,5.132568743642944,59.63279504091532,5.744833733956163,69.00000369763335,0.8930018004117889,0.057142857142864045,55.763658333333325
Canton of Nidwalden,56.725622623320845,63.09359880506372,6.367976181742878,72.31972603473396,4.906433758460508,68.00003256352423,1.0020930862220583,14.070000000000007,11.824375999999999
Canton of Obwalden,57.61522993027002,62.48660478808233,4.87137485781232,82.40872264246718,3.5132403798748584,65.99984516795719,0.9407141995412239,11.228571428571428,436.7414222222222
Canton of Schaffhausen,59.605422676279794,65.59606671666683,5.990644040387031,48.49371240301097,2.4039322343731726,67.99999895104,0.8371082041298669,11.435714285714283,22.23122500000003
Canton of Schwyz,58.53219173482764,63.16282123140966,4.63062949658202,61.04484984297925,3.199209500324905,66.36203073173456,0.9843305440480145,7.210000000000008,25.952822222222213
Canton of Solothurn,58.11262955109372,63.12040325638169,5.007773705287971,56.644810263509136,4.879621153682919,68.00002441006461,0.7320192487170363,14.45571428571428,14.323255999999986
Canton of St. Gallen,58.22905671637192,63.048258622328625,4.819201905956706,59.26126114516691,4.951739198285317,67.99999782061394,0.8985442723206367,9.514285714285705,9.866118749999995
Canton of Thurgau,59.07075782089217,62.947977980650506,3.8772201597583393,47.5737216798208,5.05202850717464,68.00000648782515,0.8591402438390219,5.605714285714285,42.85416666666665
Canton of Ticino,52.18469066230417,60.986444377581115,8.801753715276945,81.5765481164111,21.396978739883757,82.38342311746487,1.296081548546762,18.305714285714288,42.66976053719008
Canton of Valais,57.02806850352037,62.940976150173924,5.912907646653558,101.7641471706485,3.059176396995028,66.00015254716895,0.888643308690987,30.72,66.14031874999996
Canton of Vaud,58.534732121569924,63.440039754705886,4.9053076331359575,77.24656046717308,5.559960863763074,69.00000061846896,0.9422047037311783,8.367142857142866,56.75239999999999
Canton of Zug,58.50575701721878,62.96851193376788,4.462754916549097,54.68007731017406,5.031492422287293,68.00000435605517,0.7637768191267533,-5.848571428571418,52.63478055555552
Canton of Zürich,59.05912186052155,64.01336335660837,4.9542414960868095,58.49278355330582,3.9866329640984475,67.99999632070681,0.8332090597928687,4.288571428571444,0.9154888888888895
Capital Region of Denmark,57.533325430905,59.329124537263816,1.7957991063588201,51.683197065195536,9.558361883825647,68.88748642108946,0.7960188700849868,7.882857142857134,22.741298765432077
Carinthia,56.92160127912838,62.80218599588281,5.880584716754422,92.947756285873,0.19784926623889731,63.000035262121706,1.1465616604779507,8.939999999999984,0.0
Castile and Leon,58.20027400622293,61.20197329649565,3.0016992902727186,114.13157854761596,25.901343284121936,87.10331658061759,0.7023636876766098,49.157142857142844,50.43542307692307
Castile-La Mancha,58.2533389875051,61.13963514178822,2.886296154283119,105.3806048387862,26.860601529171888,88.0002366709601,0.7887145110959267,41.908571428571435,37.365083950617276
Catalonia,58.71155131938392,61.14114719554565,2.429595876161721,106.37122815987432,27.859315653892942,89.00046284943859,0.6094838613506959,23.154285714285706,33.20662385204081
Ceará,62.265384710990695,65.19406767591106,2.928682964920361,57.63398234410867,3.020039991548728,68.21410766745979,0.38946327227781236,-14.445714285714288,87.1854
Central Bohemian Region,59.56478648224752,62.121675772521776,2.5568892902742504,51.522467857602834,5.878323169423119,67.9999989419449,1.496488320943204,6.425714285714292,91.873504
Central Denmark Region,57.48720428504741,58.89592255324381,1.4087182681963888,48.95128409516582,8.98911974413636,67.88504229738017,0.8773886182798184,16.26428571428572,95.2570913580247
Central District,57.53374336868423,62.538856272849515,5.0051129041652915,64.08745603792977,28.02086272536593,90.55971899821544,1.5735620836809172,7.150000000000006,139.97801160714286
Central Finland,57.48588345692469,62.14573908010258,4.6598556231778945,51.45496683330148,27.854261599644296,90.00000067974688,1.3840065234990946,34.97285714285712,80.22485446428573
Centre Region,60.52208281609481,63.326707943794574,2.8046251276997722,74.9605163694813,39.43292895760577,102.75963690140034,2.7329813329726433,4.614285714285714,85.75576489151872
Chachoengsao Province,60.32031567027557,69.57479239764874,9.254476727373161,94.03269017704929,21.776546924753475,91.35133932240221,1.6979011841926508,28.764285714285705,60.65127190082644
Chai Nat Province,67.18692390011707,72.38290394923634,5.195980049119282,87.21519050382082,20.945771966728216,93.32867591596455,1.8944413733968033,31.648571428571415,45.37035555555555
Chaiyaphum Province,69.12732620199198,71.4839521662595,2.35662596426752,57.638016224269585,22.109973589040152,93.59392575529965,1.6789314525168864,5.109999999999999,64.90559256198345
Champagne-Ardenne Region,60.248608548807326,63.150438561657666,2.901830012850343,78.33910891698284,38.680993001669975,101.83143156332764,2.3763438027796258,6.409999999999997,74.16043213296398
Chanthaburi Province,64.04855274231261,68.3816828718295,4.333130129516892,137.7038726814809,23.810306971118635,92.19198984294813,1.9173339273538998,99.60285714285715,211.09386666666663
Chiang Mai Province,43.85964098115812,81.82810627823925,37.96846529708113,129.30382168684272,4.7693981358065685e-05,81.8281539722206,1.3224022292557644,-7.664285714285711,0.0
Chiang Rai Province,50.73540391550419,67.55989437989365,16.824490464389463,81.58133857658282,29.708552523503627,97.26844690339728,1.4845785179443962,5.048571428571435,96.20693822222225
Chiapas,64.50983718332368,69.4295922648587,4.919755081535005,62.37026229656125,27.9062858042971,97.3358780691558,0.5865426295663151,5.025714285714301,32.75541875
Chiba Prefecture,77.59488715038945,82.72485484116332,5.129967690773879,38.15474180748305,29.956411734809322,112.68126657597264,0.18430729729335874,34.91428571428571,38.45806766666666
Chihuahua,64.34531231306957,68.39706019002674,4.051747876957153,58.56088166794591,21.60295446178084,90.00001465180758,0.7887325599443179,10.709999999999994,83.9620181818182
Chon Buri Province,57.0405855966791,77.7638613085445,20.723275711865412,109.75230286632683,3.38491112046313e-05,77.76389515765571,1.2336174660157972,1.8514285714285563,0.0
Chumphon Province,69.59177665993877,73.2661367599994,3.6743601000606287,84.95378795598589,29.733833993531363,102.99997075353076,1.8527846110813657,21.12142857142858,34.876317717003566
Chungcheongbuk-do,19.982913413061446,33.600060709621985,13.61714729656054,60.599172989947434,23.399981817428923,57.00004252705091,0.5468535630281622,49.945714285714274,174.27165208333335
Chungcheongnam-do,23.77826341117551,45.76186469754614,21.983601286370625,61.19378767591268,3.238051741237193,48.99991643878333,0.7077728451369191,45.72142857142859,28.86006666666668
Clare,62.11743983144656,69.41436793563612,7.296928104189554,96.37106618727641,20.585652716264647,90.00002065190077,0.500758091502592,33.158571428571435,233.72066303854874
Coahuila,63.82673374660901,66.3653001048268,2.5385663582177997,64.72977958970732,32.140484898177746,98.50578500300455,1.6823949180374371,29.89571428571429,138.45988125000002
Colima,63.48916929216186,64.79321356950418,1.304044277342316,54.96097545910061,33.72128295042451,98.51449651992868,1.0506495507248106,1.440000000000012,72.39892569204153
Colorado,61.50603233057342,64.84999810143182,3.343965770858408,61.070155528202996,26.867935720501123,91.71793382193295,1.4691076359448938,13.958571428571432,76.21027407407409
Community of Madrid,57.22386366542752,60.15834167674846,2.934478011320931,101.13418218706283,28.437068101439813,88.59540977818827,0.5857915057367507,16.271428571428572,47.60525956632654
Connecticut,60.456772619746395,64.28575336509557,3.8289807453491815,56.64459000654676,25.71424628261083,89.9999996477064,1.2449110696221835,16.66428571428571,60.627207360000014
Coquimbo Region,47.10386256999288,56.25715336663482,9.153290796641944,117.37515770070655,33.742801128880295,89.99995449551511,0.49073206122211704,76.06285714285715,329.9711834710743
Cork,58.514743560557825,67.49035365907783,8.975610098519997,84.07336559774257,22.789591782502868,90.2799454415807,0.5437873801909641,19.724285714285728,198.92243742911162
Corsica Region,56.715923468324675,61.61163706945325,4.89571360112858,72.64488503488198,39.95223978400888,101.56387685346213,1.9737648761580244,-2.555714285714288,36.022729437500004
Csongrád County,60.02101751520798,64.01447645400548,3.9934589387974935,52.14907838319292,25.993899544692454,90.00837599869793,1.3025778320193941,19.379999999999995,146.95348461538467
Daegu Metropolitan City,36.081753437365755,38.15909613036448,2.0773426929987275,51.496000349462335,22.56814115935491,60.72723728971939,0.5609450546820104,-10.77000000000001,47.79715392561984
Dalarna County,59.522668665125,67.35856744311124,7.835898777986242,104.58586581135222,37.671615191056674,105.03018263416791,0.7751634089668475,154.91285714285715,397.94372915512463
Delaware,62.16906219620751,66.39983742330926,4.2307752271017485,49.19841708071485,23.600163028375235,90.0000004516845,1.3625145606118547,15.118571428571428,94.30673541666664
Diekirch District,59.016306532804286,62.91679657157446,3.9004900387701733,66.0803550321775,27.63691306005142,90.55370963162588,1.6926556122892524,6.661428571428587,87.79341772959184
Distrito Federal (Brazil),62.56142552223814,65.2337587924391,2.672333270200972,65.77912343069556,3.766239184596003,68.99999797703511,0.6524109424877058,22.771428571428586,6.986688888888885
Donegal,62.3979762135392,71.79616933002535,9.39819311648615,78.8560418713797,8.204004352600634,80.00017368262598,0.5806312330763109,17.591428571428565,153.3038691358025
Drenthe,58.597671593419776,61.0585473048002,2.4608757113804196,49.83886698360717,9.605626685906941,70.66417399070714,0.8771463629079225,13.311428571428578,38.33767654320986
Durango,64.51708867301838,67.24165427556039,2.724565602542027,48.12179814649868,32.80882071562138,100.05047499118177,0.933777926905567,9.124285714285719,74.80482644628098
East Flanders Province,59.11169117088853,60.99083691670523,1.8791457458167025,68.20504742308374,29.585769319903882,90.57660623660911,1.1146294856371284,17.63857142857144,96.56213822222225
Eastern Cape,72.96786568589977,73.07680712104786,0.10894143514809902,83.02826816282396,20.348481744586977,93.42528886563484,1.033890772936642,-1.7800000000000011,128.62867000000003
Ehime Prefecture,80.91536184416454,86.1199100680331,5.204548223868545,57.94515504318309,5.226219030010313,91.3461290980434,-0.003456247028477557,52.985714285714295,117.39629599999994
Emilia-Romagna Region,48.460941467122595,56.88551280556183,8.424571338439243,88.7170804429647,38.832816978034444,95.71832978359627,1.2380824239977093,16.517142857142858,49.568905325443794
England,61.557140394246176,68.00455820923551,6.44741781498934,76.77167210655472,21.99544905583045,90.00000726506596,0.6721960750143816,9.06285714285714,50.32137871900827
Espírito Santo,61.66978551880254,65.14697458122566,3.4771890624231223,55.03930406347553,3.8529985357997134,68.99997311702538,0.44508811123251807,-17.165714285714287,2.3866888888888913
Extremadura,58.52829916940315,61.45187795903421,2.923578789631063,111.10811695661084,26.54813478101675,88.00001274005096,0.8414904786943821,56.27571428571429,63.171936076817566
Fejér County,59.35290721868724,62.707554433274304,3.3546472145870565,50.639053966302626,32.58475250340039,95.29230693667469,1.8249162500933973,11.114285714285728,123.25075610651975
Flemish Brabant Province,58.7083119811404,61.47660964453887,2.768297663398474,69.24364540678883,34.93650426182418,96.41311390636305,1.2142391916750876,5.9157142857143015,50.979967836734694
Flevoland,58.91864372355291,60.67081068233454,1.7521669587816247,47.016585205502786,15.32918618965541,75.99999687198995,0.7761959642066822,9.108571428571423,49.68737955555557
Florida,62.942588305808535,66.88303200747416,3.940443701665617,64.24122400200999,28.32927096263522,95.21230297010938,1.2917193585899605,19.372857142857143,84.4031329369798
Franche-Comté Region,60.29487366763439,63.5090259992198,3.2141523315854075,81.22607184992322,37.29649738968966,100.80552338890946,2.407626059996506,13.592857142857142,83.96340087655223
Free State,73.02836743466207,73.09014696844292,0.061779533780856107,81.50089041095924,14.889055382865564,87.97920235130849,1.076901366961208,-1.4628571428571604,351.18259438775516
Friesland,58.60068148390853,60.57169641914473,1.9710149352362036,46.08794050520663,15.42828301954684,75.99997943869157,0.9679365317829645,9.508571428571415,57.44835288888889
Fukui Prefecture,78.25886589478407,81.63038665742602,3.371520762641955,57.75800185608172,41.38993599143453,123.02032264886054,0.06378894018909484,55.88428571428568,68.33378350340138
Fukuoka Prefecture,80.1494279410047,84.31422712133953,4.164799180334812,49.9054838228175,15.685631017668968,99.9998581390085,0.25814195811377005,40.17142857142858,45.88153066666666
Fukushima Prefecture,82.45350057303365,88.65680679983161,6.203306226797971,46.82966060690423,17.343134744654364,105.99994154448598,0.2759175756565951,30.675714285714264,66.00964636678201
Galicia,58.22429834447661,61.02887973616353,2.804581391686929,103.84079592698724,34.96706644922922,95.99594618539275,1.483162569162588,32.301428571428545,33.87495475778547
Galway,59.939562892075735,65.69636968226199,5.756806790186249,96.62098962860944,25.0564734790852,90.75284316134719,0.32280508168755384,25.159999999999997,168.07094943999996
Gangwon-do,22.09187451935744,38.40188741650565,16.310012897148212,66.2624534556607,25.57800595654693,63.97989337305258,0.8784748299316887,51.84571428571425,232.15501024000005
Gauteng,66.0156404057112,74.27506014504766,8.259419739336462,108.40713821472723,1.7249833442393765,76.00004348928704,0.9438252212063092,11.757142857142853,0.23522500000000032
Gelderland,58.71512216149993,60.80093720215337,2.085815040653443,51.39594632781972,15.199058312479615,75.99999551463299,0.6526833230702203,-1.2871428571428538,50.21563733333333
Georgia,62.38942125524535,66.47432864899476,4.084907393749404,53.46426249598828,23.525674226817955,90.00000287581271,1.4855402245790483,22.47714285714285,93.69515763888886
Gifu Prefecture,79.87471169112366,85.01178558591583,5.137073894792156,54.49127698548677,-7.610117635825318,77.40166795009051,-0.0789839860891628,43.91142857142856,0.0
Gisborne District,65.28805764387518,69.85901883037424,4.57096118649905,66.8398687975492,19.1409622240257,88.99998105439994,0.9490189355150487,-18.481428571428566,129.70149362880883
Goiás,62.8043096428011,65.37652044055194,2.572210797750848,50.40360548689302,3.623536629899874,69.00005707045182,0.8206663217086196,0.7314285714285518,38.03207499999999
Greater Poland Province,58.115379287702254,60.545974593336524,2.430595305634265,63.74828669163869,29.626173377585545,90.17214797092207,1.4639449966971183,4.451428571428565,49.07630100000001
Grevenmacher District,61.785931561376486,65.46556123971557,3.6796296783390843,70.01724598404857,25.621097834951186,91.08665907466676,1.4974868100166046,3.222857142857137,34.58472263313609
Groningen,58.61831478595032,61.00483854691187,2.3865237609615506,52.31602639114269,12.317566397897295,73.32240494480916,0.7463054573995408,8.124285714285719,28.828213888888897
Guam,60.255476556934624,64.33345825241297,4.0779816954783366,89.12630145949896,30.75949884201627,95.09295709442924,0.8278276790149868,24.394285714285715,49.47907596253902
Guanajuato,63.35706602715839,66.58488532651792,3.2278192993595307,62.423664220415944,37.41512050940064,104.00000583591856,0.8767913068965225,3.8599999999999994,58.71644965373961
Guerrero,65.47400051171918,68.40795731950875,2.9339568077895692,65.07101721961953,58.21219622758649,126.62015354709524,0.8356111586198877,6.759999999999991,55.04417143736535
Gunma Prefecture,79.1401590767358,86.77037194522619,7.630212868490387,53.14647082582623,14.229457025857542,100.99982897108373,0.31317260738620656,35.76142857142855,68.48443724489798
Gwangju Metropolitan City,18.942191516079102,19.018190778848595,0.07599926276949417,21.734484234454438,76.9818085213553,95.9999993002039,0.7675326705270031,-1.6614285714285728,58.63030683864267
Gyeonggi-do,21.279852448389985,50.36340577385147,29.083553325461487,62.386323242081794,0.0005280228698580913,50.36393379672133,0.6309713271060639,23.858571428571423,0.0
Gyeongsangbuk-do,28.341132698002916,43.31895529466309,14.977822596660173,71.19641504205782,2.6812159473527117,46.0001712420158,0.6837899532370033,0.18285714285715926,1.0228222222222192
Gyeongsangnam-do,27.947853671641287,43.9399322854169,15.992078613775613,63.194359983573435,2.060217349652511,46.00014963506941,0.6085614427128915,13.887142857142848,14.11508888888889
Győr-Moson-Sopron County,60.39473396754315,63.58444970198943,3.1897157344462843,58.86348820181085,21.514350306211725,85.09880000820115,0.98610741969035,10.405714285714296,68.54196942148762
Gävleborg County,62.28821019177994,62.32889516549352,0.04068497371357915,44.93141776991696,29.721540650489203,92.05043581598272,0.8222823792072527,69.95285714285711,236.48063555555558
Haifa District,58.44016992985254,62.46314133154646,4.022971401693923,59.89066431936581,29.751650673825786,92.21479200537225,1.5713197192426127,-2.1757142857142924,83.75335955555556
Hainaut Province,59.184837065088715,62.74120413131715,3.5563670662284395,70.45903579108607,33.687006234942444,96.42821036625959,1.7279912643242792,10.848571428571432,68.25782041522493
Hajdú-Bihar County,59.7432548123071,62.884132843666706,3.1408780313596094,46.75420607317537,27.115866257994412,89.99999910166112,1.1353631311838006,3.4028571428571297,122.3179377229081
Halland County,56.713965225451105,58.223515597016856,1.5095503715657497,29.25984196426949,6.776471267462881,64.99998686447974,0.6943290162321576,24.298571428571435,51.41992500000004
Hawaii,63.54330148491411,68.03524128337008,4.491939798455975,77.7955268590114,28.964765064434488,97.00000634780457,0.6749230814523554,8.085714285714275,34.227083234244944
Hawke's Bay Region,63.01174081517495,70.2982531241573,7.286512308982352,95.52068197023713,20.863949972307083,91.16220309646438,1.4095659348880847,-6.429999999999993,122.70260317460323
Hesse,59.41071819112239,64.29113435255228,4.880416161429883,67.91963764560343,3.708897760576477,68.00003211312875,0.7748199376699832,10.222857142857137,17.88321875000001
Heves County,59.5392908044364,62.87827718666073,3.3389863822243306,54.14674813975828,33.680311407927654,96.55858859458839,1.569778349883152,9.95571428571428,162.1859051903114
Hidalgo,65.0951464606815,67.78005766758257,2.6849112069010572,53.998189805177375,39.15887209236524,106.93892975994781,0.37288234081855137,-4.788571428571444,52.65814608809996
Hiroshima Prefecture,82.74703904567436,87.31467587890704,4.5676368332326875,52.26921026253393,17.157770277109066,104.4724461560161,0.27779029249405524,34.21142857142857,48.17076539792387
Hokkaido (Prefecture),41.74361224954861,42.501416664722136,0.7578044151735301,14.106026931963468,172.4260870337984,214.92750369852055,-1.1129391669879427,12.758571428571415,180.32500272898827
Hradec Králové Region,57.048533854698896,62.48879419069622,5.440260335997323,93.82170442166817,4.323718288068044,66.81251247876426,1.5399609229786737,41.70000000000002,94.59356874999996
Hyogo Prefecture,80.18548140110809,84.74235021353638,4.556868812428299,43.98417351120459,46.53805961450763,131.28040982804401,0.06727640616337437,37.014285714285734,23.008880547293284
Ibaraki Prefecture,78.55099890532712,85.68662556839665,7.135626663069519,46.7829119336164,21.015074575408818,106.70170014380547,0.3087380984097493,31.112857142857138,50.60135510204081
Idaho,64.54955857958214,69.61005886122845,5.060500281646325,46.326582283852936,13.389954671800439,83.00001353302889,1.6096296575672318,26.950000000000017,60.89802040816327
Illinois,61.694788956341206,64.86555150977487,3.1707625534336734,57.239680594217845,18.577213857355957,83.44276536713083,0.9671994649399569,20.115714285714276,97.18340498614957
Incheon Metropolitan City,27.509730143032293,47.385246411612236,19.87551626857994,41.60174337378259,1.6146752136565468,48.99992162526878,0.3681111033850065,5.391428571428577,0.0
Indiana,61.39114679482362,65.14886091087658,3.7577141160529646,49.35368042610512,17.851211491905943,83.00007240278252,1.3052614019172624,20.05285714285715,80.83305833333331
Innlandet,57.33366968637137,61.003533777177886,3.6698640908065077,94.46335408855926,2.996498983625976,64.00003276080386,1.1311354078275138,41.52000000000001,78.93946666666669
Iowa,61.632949385572786,63.27464090677512,1.641691521202327,41.521959608102826,26.72536077077082,90.00000167754594,1.5607664911591133,26.804285714285726,67.08972126200277
Ishikawa Prefecture,81.50028700316241,86.49371444393478,4.993427440772372,65.4620784278532,26.47790445393977,112.97161889787455,0.6103041154449742,56.292857142857144,73.75667647928994
Iwate Prefecture,88.18537437192676,95.00000022223905,6.81462585031229,35.981463569987056,-2.2223905205009942e-07,95.0,1.0,34.10714285714286,0.0
Jalisco,62.520961311721294,65.66373144746495,3.1427701357436657,69.61500435972266,32.752207820255336,98.41593926772029,0.6992068378659028,5.7728571428571485,64.46089311294764
Jeju Special Autonomous Province,13.86958624476912,19.816955241350446,5.947368996581323,87.92671753998609,71.18303549010206,90.9999907314525,0.23305282611185046,,41.976138702638366
Jeollabuk-do,38.922282866945814,39.03797273609853,0.11568986915271297,35.22257667431349,46.47085827821456,85.50883101431309,1.1364413653737928,1.0999999999999943,75.27847471644611
Jerusalem District,58.655896427164464,59.41373830700883,0.7578418798443599,75.38410515146349,35.37865010865961,94.79238841566844,0.7156418242492829,1.2185714285714226,105.9441417142857
Jász-Nagykun-Szolnok County,59.32131975762443,62.339825497922824,3.0185057402983904,37.360514229384506,24.59875587847791,86.93858137640073,1.1345464573364794,8.45714285714287,99.50336232638888
Jämtland County,62.393144482666926,71.51656392888104,9.123419446214108,109.18851848341828,47.344122874092605,118.86068680297365,1.7812120682099144,101.40285714285713,234.669124762336
Jönköping County,57.79063354499105,60.91478559272902,3.1241520477379625,34.30739483933605,2.085201507669808,62.999987100398826,0.5805273597607382,14.587142857142837,133.0562250000001
Kagawa Prefecture,81.74364517676854,87.7946930135693,6.051047836800776,68.6542516695546,25.832271801656276,113.62696481522558,0.5781053585189802,61.618571428571414,75.93432440828404
Kagoshima Prefecture,86.6069223534573,95.00003146427228,8.393109110814967,47.62957954461219,-3.1464272282732964e-05,95.0,1.0,30.41428571428574,0.0
Kalasin Province,68.19082050539225,71.70795903033832,3.517138524946059,62.88888115049988,20.73630459662256,92.44426362696088,1.9228735930189524,16.40428571428572,90.9929365079365
Kalmar County,57.32982648291041,59.65523569601613,2.3254092131057162,23.182394783987277,5.13340638110197,64.7886420771181,0.6969339572420543,13.39,38.431304000000026
Kamphaeng Phet Province,66.43744846110175,72.85702766972398,6.419579208622218,65.8560805118689,20.51797303735647,93.37500070708045,1.7912336014757186,16.351428571428556,76.48099365079364
Kanagawa Prefecture,74.01333842423006,74.08456771913853,0.07122929490846981,35.07388108108293,-95.47283227292807,-21.38826455378954,-0.20178494551450626,32.62571428571428,116.45924399999998
Kanchanaburi Province,56.18525927801884,71.10653773822095,14.921278460202108,114.59350744750752,32.2330643901028,103.33960212832375,4.2790136947059345,26.412857142857135,30.460640234375003
Kansas,62.11396701759542,65.50870381321192,3.394736795616507,47.9319406547487,24.4912864521293,89.99999026534122,1.5219171724657239,24.519999999999996,77.20296649305554
Kanta-Häme,57.319069949054594,59.87821160630649,2.559141657251906,44.916026305183166,27.956789736905606,87.8350013432121,1.7133546751581592,28.62428571428572,71.17545956632655
Kaohsiung City,76.2749316032186,101.29753614248555,25.022604539266958,42.1382566182156,9.331820498914567e-05,101.29762946069054,1.088083426968902,9.120000000000005,0.0
Karlovy Vary Region,58.64540634089836,63.004748793516825,4.359342452618467,84.19203310088227,1.9952872752222106,65.00003606873904,0.8679352754862529,23.085714285714303,51.051024999999996
Kentucky,61.2735071077031,64.09910880705704,2.825601699353933,43.329587172668845,25.900893403371015,90.00000221042805,1.3023655654108708,22.962857142857132,60.380261686390554
Kerry,62.40045589044965,67.72175648453097,5.321300594081329,96.47572761961295,23.27827503404673,91.0000315185777,0.49720671896423047,58.390000000000015,226.28065
Khon Kaen Province,66.78377189291872,71.57466876938024,4.790896876461513,60.97138290485339,25.505321053904296,97.07998982328454,1.7064113399621335,23.210000000000008,49.485832100591715
Kildare,59.000671868161675,64.77085674633486,5.770184878173185,85.15548101205096,41.92049846587493,106.69135521220979,0.8452843907844022,15.195714285714288,104.35882290249431
Kilkenny,59.09997650534653,65.63587140304286,6.53589489769632,98.59331927693448,30.364056956380068,95.99992835942292,0.4812308322944974,32.14142857142858,189.11118933333324
Kochi Prefecture,82.74728721640618,86.50298734074009,3.7557001243339037,69.73552277387999,7.493999731877921e-07,86.50298809014006,-0.054176192285280415,69.03571428571428,0.0
Komárom-Esztergom County,60.37541393871279,63.92152340253569,3.546109463822899,55.26337344812818,26.078455239139252,89.99997864167494,1.1205946699838227,8.818571428571417,77.62962899408284
Košice Region,55.06963077132875,58.65267463718408,3.583043865855324,42.60397223954533,29.34731787983749,87.99999251702157,1.4092621030676047,11.110000000000028,168.11012152199763
Krabi Province,57.82308195670059,76.99157371289722,19.168491756196637,118.16923098177705,1.6859493712217954e-06,76.99157539884659,0.6376757990964067,-12.730000000000004,0.0
Kronoberg County,57.290781116418344,61.03889259629442,3.7481114798760693,35.4228282091816,2.9611274986137346,64.00002009490815,0.5638005404980369,23.159999999999997,52.9974888888889
Kuiavia-Pomerania Province,58.14139852094611,61.2817822481871,3.140383727240994,64.1650219288837,28.71821778146321,90.00000002965031,1.6435493255111886,11.201428571428579,48.33602306777645
Kumamoto Prefecture,80.39338416940645,85.66387682644596,5.270492657039512,47.77509077535786,16.335918203177258,101.99979502962321,-0.03854535638017806,51.178571428571416,52.926375000000014
KwaZulu-Natal,67.69372752238213,74.05264632476052,6.358918802378394,90.1945490715032,14.07757281461781,88.13021913937833,1.0728505941286144,7.981428571428566,10.332457142857146
Kymenlaakso,56.71997076675848,60.13637232924218,3.416401562483696,32.02436412817852,29.863627097408653,89.99999942665083,1.6652227297341684,17.20857142857143,80.37573365041618
Kyoto Prefecture,79.23989294380469,83.89305659723577,4.653163653431066,58.99439109126045,53.3905007439207,137.28355734115647,0.031476654765731034,50.908571428571435,38.737122902494335
La Rioja,57.7848431681575,60.48356063482925,2.698717466671756,115.06650716107873,25.278807644991353,85.7623682798206,0.9052085038394322,58.28714285714287,144.31815744000002
Lampang Province,66.95751649373807,73.77431220430535,6.816795710567263,75.61703119384156,21.617162565235915,95.39147476954126,1.811405269380224,3.96142857142857,26.81513223140496
Lamphun Province,60.101687107922324,74.80021458988426,14.698527481961936,78.6920647790854,15.477397866281834,90.2776124561661,1.8036889137754897,6.742857142857147,7.710398437500005
Languedoc-Roussillon,60.471998585277014,62.91728787344015,2.445289288163135,81.95606638231847,40.552946369347886,103.47023424278804,2.772805197813602,16.18142857142857,75.90175823914338
Laois,59.220832751997044,67.76985070414882,8.549017952151784,97.5433604542512,25.68029116997316,93.45014187412198,0.6651298812937728,29.13428571428571,217.11904556213022
Lapland Region,60.77172889859421,68.25567950415518,7.483950605560967,102.05449203635185,23.746867332681276,92.00254683683646,0.46287745550946835,63.13428571428571,264.7983026041667
Lazio Region,52.20734168254176,56.97350894502953,4.766167262487774,97.4471431662108,41.96113092478591,98.93463986981544,1.2363384787313998,19.20285714285714,51.010002551020406
Lesser Poland Province,54.193809149053656,61.35757357422637,7.163764425172717,98.77691509079129,28.64242653832877,90.00000011255514,1.1986153475263965,14.944285714285712,24.036810463733648
Liberec Region,55.72481030355117,61.47436533092341,5.749555027372237,88.81957250585386,5.368077628729289,66.8424429596527,1.5037862227356373,46.62428571428569,328.98099999999994
Liguria Region,51.63948952649453,57.598723284328784,5.959233757834258,101.04070170423671,37.74777753204931,95.3465008163781,1.1875880749370942,39.435714285714255,31.28022465373961
Limburg,58.95657201675755,61.75790709968271,2.801335082925157,53.032109318710134,14.707142675263725,76.46504977494644,0.7346174773012344,1.6642857142857252,47.72149155555555
Limburg Province,58.394612571986634,61.25495240457705,2.8603398325904186,63.371646402671274,34.498218878440404,95.75317128301745,1.4230000057436083,15.422857142857126,66.83592638408305
Limerick,58.47834099397043,65.5274226536821,7.049081659711675,103.71891862849391,38.47256603262474,103.99998868630684,0.8511359027793782,46.215714285714284,177.03987867036005
Limousin Region,60.23608978155105,63.34653956631313,3.1104497847620785,78.55880967323344,34.00255689035563,97.34909645666876,1.9878998722885817,8.737142857142857,74.56643564013842
Limpopo,72.99211544626492,73.05741005375235,0.06529460748743982,76.2022516848339,15.30919573143882,88.36660578519117,1.0082919832711144,-4.0057142857142765,200.52274222222223
Liège Province,59.60588694424308,63.060070733010775,3.4541837887676907,74.86134316804048,27.581896306342585,90.64196703935336,1.443841126248635,18.54714285714286,73.6523475994513
Lodz Province,57.424345401033925,60.94016616063242,3.515820759598494,72.13544497069469,29.05983677982926,90.00000294046168,1.555800972291568,7.088571428571427,67.20379822222222
Loei Province,51.5761476183395,75.71534721571048,24.13919959737098,109.11977097720367,14.434986926987747,90.15033414269823,1.842769411040316,4.960000000000008,13.222971555555556
Lombardy Region,46.77271344153448,55.836577575148965,9.063864133614482,96.72484079784095,41.32452712344714,97.1611046985961,1.3053951626865552,24.73571428571428,53.37928412698414
Lop Buri Province,60.865925742408066,76.63149068181663,15.765564939408566,111.01526247539137,1.4951388678241528e-05,76.63150563320531,1.6610258623712737,17.90428571428572,0.0
Lorraine Region,60.030872504986824,62.90359912215954,2.872726617172717,77.57329802537387,34.21256593872479,97.11616506088433,1.8930280817438034,4.145714285714277,71.75362497959183
Los Ríos Region,48.433098160723425,56.81647521855812,8.383377057834693,158.50166973189303,42.98518257135293,99.80165778991105,0.11082478828160512,123.45285714285714,402.66333607355324
Louisiana,62.3176650059764,65.45906859590154,3.1414035899251456,52.28094395094987,23.966976181348798,89.42604477725034,1.1327759469290604,6.304285714285712,62.17516232638888
Louth,59.68057767931675,67.69525258229471,8.014674902977962,81.27608720750911,28.089867891668547,95.78512047396326,0.5965247609507478,26.668571428571425,195.57124528061223
Lower Austria,59.31318534833324,61.664173225427895,2.350987877094647,67.50940350300458,16.54823419459637,78.21240742002426,1.2781425073464099,8.487142857142857,59.55490034602077
Lower Normandy Region,60.25334110587019,63.14029848415261,2.8869573782824163,81.051545774185,33.711248510308835,96.85154699446144,2.1703858859777188,6.917142857142849,68.36598751147842
Lower Saxony,59.63955390943359,63.5852534468675,3.9456995374339074,58.22241252507814,11.494437384613164,75.07969083148066,0.9102050201023847,10.54285714285713,60.57744097222221
Lower Silesia Province,56.463660934482476,62.155858700199445,5.692197765716966,80.8155909907906,28.609674541597087,90.76553324179653,1.6215496659081297,10.657142857142844,32.67612181122449
Lublin Province,58.322660693733944,60.807044390640975,2.484383696907032,63.792628398723906,29.371060573939737,90.17810496458071,1.7803116930485903,0.21142857142856997,48.26218622222222
Lubusz Province,57.64293482688791,65.5136198701148,7.8706850432268896,72.06662206115088,24.48637985246458,89.99999972257937,1.8260273071726247,14.431428571428569,66.13376093750001
Luxembourg District,59.331773236486114,63.09124112641534,3.7594678899292253,68.68114758478315,27.037729567275036,90.12897069369038,1.0136868894907844,-3.1371428571428623,45.990168175582994
Luxembourg Province,58.88825396543745,63.049086991055695,4.160833025618239,85.08827722584441,32.120670348086584,95.16975733914228,1.3842118816076372,28.7885714285714,78.20126162109376
Mae Hong Son Province,-1000.6468270046641,-620.1885344487882,380.45829255587586,25010.780035239284,697.6233848457438,77.43485039695557,1.1967088151573126,,1481.690243143869
Magallanes and the Chilean Antarctic Region,56.29439773383022,65.69399167098742,9.399593937157185,80.63697568585032,23.900548414093294,89.59454008508071,0.7571773880264397,-1.645714285714277,59.24057222222223
Maha Sarakham Province,68.5764965056554,72.9248166910117,4.348320185356298,73.53131371966644,20.14307833394443,93.06789502495613,1.4626774879555278,18.35000000000001,86.7564204081633
Maine,61.29806569840657,64.44819200612828,3.15012630772172,54.008487922118185,25.124542203715563,89.57273420984384,1.4943585738987688,21.14857142857143,64.75747264
Manawatū-Whanganui Region,65.93663184395632,71.36381014847683,5.4271783045205195,98.76507052930918,25.080198602757562,96.44400875123439,2.3722576169252934,11.90285714285713,78.36260799999998
Manitoba,60.11290908728885,63.10938916998314,2.996480082694287,51.083358919044336,26.871694785264275,89.98108395524741,1.4578067235661734,16.774285714285725,79.83783017751479
Maranhão,62.21028744211542,64.61764868272412,2.407361240608694,39.52028267183256,-69.50800101445715,-4.890352331733027,0.14906350138332294,-4.175714285714292,94.81057494613727
Marche Region,50.93157337866444,57.062420347116074,6.130846968451629,90.3736700592929,34.082384767791595,91.14480511490767,1.1023255316663743,19.870000000000005,26.512164013840827
Marlborough Region,65.88847595916947,72.31408304049948,6.425607081330016,91.57399134741466,25.288045978220353,97.60212901871984,1.2527813928868567,-0.7128571428571462,9.39962656
Maryland,61.415826070109006,65.60741719068218,4.191591120573181,55.555842709597414,24.46490231676387,90.07231950744605,1.0891564305579549,16.120000000000005,69.68985536
Massachusetts,60.00593936075368,64.10426298539404,4.098323624640362,59.84984120490155,26.58469921312451,90.68896219851855,0.9803672040111604,10.79285714285713,48.11841198224852
Mato Grosso,63.28304719466485,65.31186170321068,2.02881450854583,37.87290089071718,3.6881597809565534,69.00002148416723,0.7767894527598795,8.334285714285713,15.422424999999977
Mato Grosso do Sul,63.23786518149565,65.97290862126273,2.7350434397670775,54.008969815599265,3.027084595594985,68.99999321685772,0.7506464549103148,9.682857142857145,7.504466666666684
Maule Region,50.66732326977261,62.11200869695858,11.44468542718598,110.35257634945057,9.887892305961245,71.99990100291983,0.4194129831374322,37.361428571428604,152.83797777777778
Mayo,59.809597753653776,67.62461524184937,7.8150174881955925,75.98424997831533,21.375345963575825,88.9999612054252,0.45681009568563546,16.04857142857142,210.05201541950117
Mazovia Province,58.5172709462509,60.65999422874275,2.142723282491838,67.71326930910827,30.340005268621525,90.99999949736427,1.3452889122944771,3.660000000000011,48.23741822222222
Meath,58.481181305103505,67.10020235620239,8.61902105109889,84.17562042315332,23.89981736590819,91.00001972211058,0.4893123260718788,21.7242857142857,194.7742409722222
Mecklenburg-Vorpommern,60.741378341156825,64.05974683932001,3.318368498163187,60.676504092174,25.141305540181023,89.20105237950104,1.4926442950728622,18.417142857142863,49.41568896
Michigan,61.444003388893265,65.88443339885471,4.440430009961446,61.04226975525345,25.23065421753239,91.1150876163871,1.643672100099381,17.480000000000004,87.33190177514794
Michoacán,64.48241385161853,68.57765008894793,4.095236237329408,49.493752476511354,36.422599089471845,105.00024917841978,0.8089824885125343,-11.657142857142844,34.36604528853179
Midi-Pyrénées Region,60.247041235172155,62.83017664948536,2.583135414313208,80.69570461205655,40.08278726862243,102.91296391810779,2.6657368600356675,8.762857142857143,71.19690243750001
Mie Prefecture,79.40096987771086,84.7897182011083,5.388748323397434,55.0989972691236,-8.540638018563044,76.24908018254526,0.035390230258821556,50.410000000000025,0.0
Minas Gerais,62.580926244596334,65.76262222399616,3.1816959793998323,59.08403417091703,3.237357263953072,68.99997948794923,0.4909401362683694,-2.0328571428571394,9.366822222222227
Minnesota,60.82098095268608,63.979603623085545,3.1586226703994607,52.93131755489248,19.654799576969502,83.63440320005505,1.1434568632701039,9.911428571428573,80.98918900000002
Mississippi,63.91159411508837,66.82858786596783,2.91699375087946,45.341708763246544,23.171411330407835,89.99999919637567,1.652159312016244,31.964285714285722,117.64967523629488
Missouri,62.08892356504755,65.04545614138095,2.956532576333398,47.33222321621028,24.954532968252195,89.99998910963315,1.4562094441092204,20.761428571428567,64.55657065972223
Miyagi Prefecture,80.81836105576099,86.4126419490785,5.594280893317505,46.99824118548746,11.34455487439449,97.757196823473,0.32658268813130525,45.38714285714286,85.9743652892562
Miyazaki Prefecture,81.26688278717813,86.01155940294632,4.7446766157681886,49.907893816102515,22.9887658584731,109.00032526141942,-0.14657860847519516,37.37571428571431,28.209729300567115
Molise Region,51.62003065931785,56.8272756264265,5.207244967108648,94.4041768960599,34.17271234424048,90.99998797066698,0.8002934433888153,17.049999999999997,71.08862050173012
Montana,64.0779192966999,68.71513400240737,4.6372147057074535,45.47742032611756,21.2848660295531,90.00000003196047,2.393102927439311,28.281428571428563,91.4638595041322
Moravian-Silesian Region,58.22676464093773,61.72318837478534,3.4964237338475996,61.19400755588069,5.387758371517663,67.110946746303,1.1975427007369508,10.825714285714284,31.473291666666654
Morelos,63.937471943247246,64.01086754560345,0.07339560235619728,61.56103125000358,76.50668457350679,140.51755211911023,0.46515584772737073,-1.6157142857142759,85.81131803278689
Mpumalanga,72.98354043618544,73.06278146126137,0.07924102507591707,85.80644139081785,15.295535547907065,88.35831700916843,1.0268233709999122,4.55285714285715,214.4779155555555
Møre og Romsdal,55.70801627300115,57.25127659686561,1.5432603238644587,25.33861256755259,-2.644588460722275,54.60668813614333,0.2885467800361594,18.047142857142845,0.0
Nagasaki Prefecture,79.6008363103623,84.66105171830571,5.060215407943426,58.476078272530124,21.33865269385815,105.99970441216387,0.13907062567380105,53.99142857142857,51.84113786848076
Nakhon Nayok Province,62.52544061226513,70.58138903862576,8.055948426360633,110.69156140515354,26.699844180564753,97.28123321919051,2.48955439122846,46.82714285714286,44.65687270233196
Nakhon Pathom Province,59.33397546591971,69.88328915571765,10.549313689797946,81.26044457312814,28.604145531167433,98.48743468688508,2.135689738222599,18.141428571428577,29.59948228299642
Nakhon Ratchasima Province,64.7432749584611,72.267006129694,7.5237311712329005,85.4187836344551,19.733069635043833,92.00007576473783,1.5853400990013613,35.62857142857143,44.967702749999994
Nakhon Sawan Province,67.3456496090989,72.82697090586478,5.481321296765871,65.66679476946948,23.83873906389232,96.6657099697571,1.5943300889770031,13.94142857142856,42.08670399305557
Nakhon Si Thammarat Province,63.704956376929914,71.0513874621306,7.34643108520069,81.05636932335459,31.00263901122446,102.05402647335507,2.4966384922276177,31.9614285714286,40.26069906347554
Namur Province,59.29978069875071,62.85863144166426,3.5588507429135467,79.52644424605654,27.827704116673473,90.68633555833773,1.517133736463236,23.021428571428572,85.09452653061223
Nan Province,44.34220839257009,71.6598763509463,27.31766795837621,102.32679566952973,21.819489694161035,93.47936604510734,1.6104349908741429,5.82285714285716,40.82300826446282
Nara Prefecture,83.61338040717987,87.16525673738153,3.551876330201652,40.02097960788031,137.705435193169,224.87069193055052,-0.3025839662899037,30.39571428571429,39.16772382271467
Navarre,58.237390675318245,61.10376563607196,2.866374960753723,101.0004135503584,27.94317798416339,89.04694362023535,1.0142857137773933,25.18857142857142,54.886459566326536
Nayarit,64.88295008578109,67.58011566128593,2.6971655755048376,61.76059720681426,36.419883877884985,103.99999953917091,0.7559031839547726,-6.517142857142858,52.47047430555555
Nebraska,61.32969945567423,63.651392741185475,2.321693285511251,39.906433643646906,26.348610092810787,90.00000283399626,1.5535782969632532,27.56142857142858,69.475987654321
Nelson,64.19200641660696,70.41435962280396,6.222353206196995,80.57781969336544,23.6508120788654,94.06517170166936,1.1416921725739022,-8.90428571428572,85.95415260416665
Nevada,61.7301312729712,64.86894717258002,3.138815899608818,63.59236730502026,25.098122142295637,89.96706931487566,1.122403383449133,23.932857142857145,69.47413855999999
New Brunswick,5.377877927538977,5.411182422092509,0.03330449455353185,14.232334705455775,111.58881190974651,116.99999433183902,4.35900771981783,9.588571428571427,786.5323796120442
New Hampshire,60.23018440177411,64.2621209685076,4.031936566733485,59.80813277069149,26.04818390762253,90.31030487613013,1.43314176871727,16.784285714285716,60.594392307692296
New Jersey,60.927923908680896,64.30944512443784,3.381521215756946,58.884684250495845,31.056170146149498,95.36561527058734,1.4410344915106785,12.72142857142856,64.69853506763786
New Mexico,65.49660142500103,68.62801498529181,3.1314135602907784,55.956389427527256,21.74808552192121,90.37610050721302,1.2149076769067588,30.42285714285714,44.82844979338842
New South Wales,62.482706179657896,70.23237191021329,7.749665730555385,57.53153488970658,18.767625913542958,88.99999782375625,0.8405402470464649,5.944285714285712,71.82305432098767
New Taipei City,62.817094974167105,75.08133345076405,12.264238476596937,25.137416917402568,24.91864185205388,99.99997530281793,0.6703773811154801,10.825714285714284,76.76434930555554
New York,60.567080375638426,64.65976807584738,4.092687700208961,63.557435368981004,25.34031325674229,90.00008133258967,1.0030873838560221,12.588571428571441,56.91858417159764
Newfoundland and Labrador,3.3474697179582935,3.4039089419819706,0.05643922402367739,21.208578457357522,107.59608745639106,110.99999639837303,2.2119862226486444,-1.2671428571428436,743.3575822342564
Niigata Prefecture,88.0633563765414,95.00002051662759,6.936664140086184,42.911287122869936,-2.0516627586175673e-05,95.0,1.0,22.747142857142848,0.0
Nitra Region,55.80557457772068,59.33200641818101,3.5264318404603263,52.41725860947727,16.258689713460086,75.5906961316411,1.089593806251129,10.381428571428572,67.85388398437502
Nong Khai Province,66.68825937019038,70.27367983514883,3.585420464958446,66.92671438612211,24.044949670822277,94.3186295059711,2.3257066819849044,17.330000000000013,24.543353993055547
Nonthaburi Province,56.45492903701621,68.30913437622264,11.85420533920644,66.95379416659263,22.45622564507451,90.76536002129716,1.2131888559890949,4.582857142857151,27.339895867768572
Nord-Pas-de-Calais Region,60.415663703063316,62.871678419276236,2.4560147162129167,77.73754221732926,34.65994915067611,97.53162756995235,1.9294139235991539,1.075714285714298,63.02353191836735
Nordland,58.27007836546315,61.19957203296043,2.9294936674972827,55.35752840761262,13.81661869615067,75.0161907291111,1.247074354435271,15.271428571428572,41.452451530612265
Norrbotten County,58.04860424689999,61.825525901926575,3.776921655026589,40.755162415092435,28.174492238034397,90.00001813996097,0.8590236774069591,31.310000000000002,87.48504066587394
North Brabant,56.66320309822991,60.10563137904287,3.4424282808129636,50.97752466277461,15.894366916375397,75.99999829541827,0.5812446059975886,-10.5,32.860195555555585
North Carolina,62.467026609670405,66.38971409148768,3.9226874818172734,48.993895032783946,23.610285133319692,89.99999922480737,1.4269135329665137,24.42142857142855,90.69325633270319
North Dakota,61.527438469110265,64.27322876273777,2.745790293627506,43.18703253227126,25.72677090991739,89.99999967265516,1.664571122264729,19.49571428571427,89.45024799999999
North Denmark Region,57.30500954501682,58.64860611493713,1.3435965699203132,43.534869275555174,5.29239704405942,63.94100315899655,0.8818542202939733,13.667142857142863,87.243864
North Holland,58.37688054183,61.7411547009901,3.364274159160104,69.21356517003528,14.258857139623991,76.00001184061409,0.5086107130296664,6.867142857142852,63.2235448888889
North Karelia,58.59807810451388,62.14645178295425,3.5483736784403637,42.32276520854604,32.98283661559322,95.12928839854747,1.5826600955098011,31.694285714285712,57.301672359963256
North Ostrobothnia,58.781313565216536,64.37976402622913,5.598450461012596,64.27302447702722,25.620291449557016,90.00005547578614,1.142395827139658,56.68428571428572,135.33000591715975
North Rhine-Westphalia,59.35364265590018,64.00478720677384,4.651144550873654,60.25066248511211,3.9952103378966797,67.99999754467052,0.7701820597716091,0.7228571428571371,16.139022222222234
North Savo,61.536176113776364,62.33924353538001,0.8030674216036364,53.32991124993047,27.66083179000067,90.00007532538068,1.2336621663768357,28.334285714285727,94.60155752551022
North West,68.00989230893767,72.9934278342726,4.983535525334916,91.50155489517117,15.860096876128111,88.8535247104007,0.9771134562871037,10.661428571428573,306.193146484375
Northern Cape,73.02614057510472,73.08829918442514,0.06215860932043005,68.51310176088393,14.406159056399389,87.49445824082453,1.145163587334363,-11.247142857142862,247.52502653061225
Northern District,58.645866660371034,62.72721976035846,4.081353099987428,68.59885984007276,30.145146924489218,92.87236668484768,1.956426071096221,20.95285714285714,96.36333288888889
Northern Ireland,60.57454249534952,67.82571355609433,7.251171060744807,73.00729406138423,8.174272881640874,75.9999864377352,0.47712249927218897,11.724285714285699,159.04064374999996
Northern Territory,65.27439678988509,70.44162630348006,5.167229513594968,34.64962403107162,18.302380372159405,88.74400667563947,0.6660241592775883,1.0514285714285592,58.71924722222224
Northland Region,59.897554203094195,78.29120862486272,18.39365442176852,132.56856859259372,6.342786548430013e-06,78.29121496764927,1.6112304768990175,-2.1599999999999966,0.0
Northwest Territories,1.8545419392304396,1.9230580686570284,0.06851612942658876,43.95117000887455,110.07696821896677,112.0000262876238,0.4824538470898474,-37.921428571428564,269.2819512214918
Nova Scotia,5.382777056449248,5.594347606031569,0.21157054958232063,17.811987958997914,112.40563948160226,117.99998708763383,1.9390758711684375,-11.132857142857148,741.8305721221302
Nuevo León,62.25544927788137,64.2534042861518,1.997955008270434,76.66047497435082,34.47105177489078,98.72445606104259,0.959859829059829,20.432857142857117,76.30159550173009
Oaxaca,64.39244477410867,69.23678670725488,4.844341933146203,63.72101964851976,35.234560567438294,104.47134727469317,0.5492935374292484,-1.0000000000000142,21.931189061224487
Ohio,60.58498717143237,63.559623895219694,2.974636723787322,45.9591773264043,26.436818088493048,89.99644198371274,1.4818739576238518,18.922857142857126,80.05090059171599
Oita Prefecture,78.5680177712833,83.38864601456363,4.820628243280349,60.296088906950295,48.56139200448153,131.95003801904517,-0.06175695820606525,64.9557142857143,50.603240419501105
Okayama Prefecture,82.58499765857633,87.0707005630363,4.485702904459975,48.13655577434483,0.9265129612944918,87.99721352433079,-0.006366555464236843,44.94,0.0
Okinawa Prefecture,79.18041437095405,83.55255008531074,4.3721357143566895,71.96686355436579,38.44750801429866,122.0000580996094,-1.0109004698268382,47.46428571428572,65.30374608809996
Oklahoma,19.268718494657666,19.313299718158685,0.044581223501020666,12.713542397933015,86.3646762227654,105.67797594092409,1.4816327887941725,4.3700000000000045,657.9034033531639
Olomouc Region,58.39827538691315,62.078004741771714,3.6797293548585635,81.82494168386849,1.9219848472914052,63.99998958906312,1.4271407582722548,27.161428571428587,0.0
Ontario,60.44797747190233,64.63246860209297,4.18449113019064,63.46788890035299,25.367511566582266,89.99998016867524,0.9044150017268097,11.705714285714294,56.643568
Opole Province,57.217082301940465,62.95070491482471,5.73362261288425,73.56699194411037,27.049297108701836,90.00000202352655,1.6699596800955092,14.364285714285714,67.0584775510204
Oregon,60.75014916300877,67.26099213035305,6.510842967344267,68.3729010713435,8.739098052776868,76.00009018312991,0.9001297667600769,19.35142857142857,108.19414320987656
Osaka Prefecture,78.71723539687716,84.06439656822167,5.34716117134451,39.030346795266354,4.935582832412081,88.99997940063375,0.0863140470214915,18.201428571428565,9.24291875000002
Ostrobothnia,57.36606755573371,59.720798915511125,2.3547313597774124,33.43586385237673,24.10877803859482,83.82957695410595,0.9166655063205181,5.374285714285719,71.82860555555555
Otago Region,62.19604418413317,69.71363731189552,7.517593127762354,102.8677926629796,25.02065975487679,94.73429706677231,1.200895516325916,8.048571428571421,107.10576799999998
Overijssel,59.26301224619535,60.95761314179126,1.6946008955959093,49.688607139653804,15.042389775516789,76.00000291730805,0.7810773138109266,4.8128571428571405,64.57564375000001
Paraná,62.91341029408429,65.75917214459619,2.845761850511909,60.371051789171005,3.2408574907578753,69.00002963535407,0.6038296257950053,-1.828571428571422,68.76176875000002
Paraíba,62.01598576111347,65.66202916917068,3.646043408057214,53.58080149972869,3.3379638740231172,68.9999930431938,0.421872474791786,-11.30285714285715,8.028355555555551
Pardubice Region,58.56659223621751,62.019540370165224,3.4529481339477095,66.4653654219696,1.9805038378870634,64.00004420805229,1.4491650585741476,20.194285714285712,64.32039999999999
Pará,62.60382950425081,65.47191595916068,2.8680864549098706,45.135809808966,3.528058308284031,68.99997426744471,0.2307604782875172,5.742857142857147,20.639088888888875
Pathum Thani Province,60.27647006240813,69.35304433442474,9.076574272016606,68.58064640022563,21.9828475946818,91.33589192910654,1.1572337062012459,0.11428571428571388,30.1010611570248
Pays de la Loire Region,60.49217384851131,63.08339484485574,2.591220996344433,79.29610388676153,35.854720339409816,98.93811518426556,2.291678605314498,3.114285714285728,60.06706824489794
Pennsylvania,61.152684664650444,64.67225961780451,3.5195749531540765,57.08727723734916,25.95146232065764,90.62372193846215,1.3321849783646353,14.592857142857127,56.63134437869822
Pernambuco,60.33975544559539,65.50977056850277,5.170015122907381,65.18907716812747,3.490255162015117,69.00002573051789,0.41196073410653994,-4.018571428571434,25.246624999999995
Pest County,59.785654205158544,63.409902191936844,3.6242479867782937,50.01047540668929,26.590095983338223,89.99999817527507,1.1285004591777725,10.224285714285728,74.6673948224852
Phang-nga Province,63.08698357035412,75.24873416078655,12.161750590432437,110.43215141542788,3.434849143957308e-05,75.248768509278,0.4532911045545952,0.6142857142857281,0.0
Phetchabun Province,46.3971958232079,72.14349646562998,25.746300642422074,121.71642146097543,16.947980371547047,89.09147683717703,1.7403438999380474,-7.41857142857144,17.091103114186847
Phetchaburi Province,66.2585496600716,71.557369718438,5.298820058366411,114.6013849486854,27.067282953180538,98.62465267161853,2.1587650426671456,63.28714285714287,56.627756652949245
Phichit Province,68.97264804652123,72.21916140406539,3.246513357544165,76.80285541386202,24.255410718577338,96.47457212264273,2.1510619368412276,24.17857142857143,75.5513998263889
Phitsanulok Province,64.47642706602032,73.81582217476675,9.339395108746427,75.51040001685807,22.524766626604645,96.3405888013714,1.7144094326989816,16.195714285714274,18.56441285444235
Phra Nakhon Si Ayutthaya Province,62.205870288115044,71.49040246580864,9.284532177693606,97.61281213633161,19.47151572035841,90.96191818616705,1.6794197126440529,31.801428571428602,43.335347922437656
Phrae Province,63.68148540858881,80.94697116791168,17.26548575932287,101.79849738754538,0.00010570842218271537,80.94707687633387,1.7171612341939928,-3.6571428571428584,0.0
Phuket Province,50.03456685422479,74.96290725482176,24.928340400596962,101.98356526093141,1.692503776951071e-05,74.96292417985953,0.5130042058357598,-22.662857142857135,0.0
Piauí,63.204611820367475,65.89414688046132,2.6895350600938466,55.909753301531616,3.105877296672432,69.00002417713375,0.6959842485881773,-5.958571428571432,111.24251875
Picardy Region,59.48298933935821,63.0991468334644,3.6161574941061896,72.9330506283079,33.69208816058696,96.79123499405136,1.983404485288404,-1.9157142857143015,55.89502112029385
Piedmont Region,52.07707472290867,57.30036271801152,5.223287995102852,89.40056625582342,40.044831091095354,97.34519380910687,1.3440050202867888,7.391428571428577,28.712142749999998
Plzeň Region,58.73587996725015,62.79913149038854,4.063251523138389,68.65062684811937,1.2008611909350577,63.9999926813236,1.3623722119904815,23.44285714285715,0.0
Podlachia Province,57.84061292521509,61.74800436369929,3.9073914384841975,63.23811209973955,28.25199614653588,90.00000051023517,1.9385567535470865,4.622857142857143,48.35613388822831
Poitou-Charentes Region,60.640959354630375,63.35793026497857,2.716970910348192,82.25751965170655,33.765991513845314,97.12392177882388,2.2939194110947665,8.222857142857137,82.73501730103807
Pomerania Province,57.94706655256674,61.04610624237192,3.099039689805178,71.79283068918568,29.793349325552768,90.83945556792469,1.8275431757442193,9.34571428571428,26.752355766944113
Prachin Buri Province,63.67204514798867,76.82552144722858,13.15347629923992,113.93379246995644,0.0003556088291816195,76.82587705605776,1.6788761857025112,27.06285714285714,0.0
Prachuap Khiri Khan Province,63.476625018405656,73.6036162944473,10.126991276041643,101.63896320020066,19.868824871947368,93.47244116639467,1.311983953726584,23.39,11.283148999999996
Prešov Region,55.20468234259154,58.639135223927155,3.4344528813356137,65.73470457722473,28.360862334153026,86.99999755808018,1.480892823232517,15.12142857142858,105.30085344387756
Prince Edward Island,2.908588371638164,2.990512387413824,0.08192401577566018,11.213155948897231,103.00946874614239,105.99998113355622,2.5241347344840586,11.951428571428579,711.3990540295976
Provence-Alpes-Côte d'Azur Region,60.45710388271395,63.00478658875748,2.547682706043533,81.46364664312513,34.73943914451674,97.74422573327422,1.9545421328411303,4.501428571428576,54.69055510380623
Puebla (state),63.312268745868664,67.51584773990129,4.2035789940326245,70.86828597153622,33.98144615467832,101.49729389457961,0.3892095338667715,9.521428571428572,62.52927067474049
Puerto Rico,61.63694680661407,63.05952179985433,1.4225749932402632,101.18594087544174,32.47766540808532,95.53718720793965,1.305098512823476,36.24857142857144,64.94306318359375
Päijät-Häme,57.92431917955618,61.432905992194165,3.508586812637986,39.643256943091956,28.158809878647986,89.59171587084215,1.7989467824724839,26.95714285714284,96.74187448979595
Quebec,60.243996084320074,65.30252937882238,5.058533294502306,71.5989075540434,25.697473895767573,91.00000327458996,1.2405962502840069,15.039999999999992,64.3496303254438
Queensland,62.34432439501763,71.51637467835373,9.172050283336102,52.037168413129066,17.483634178721672,89.0000088570754,0.8667274970596629,-3.362857142857152,83.74476666666668
Querétaro,63.54924519340252,66.3620992945131,2.8128541011105765,74.32237272770716,34.58275237110652,100.94485166561962,0.41873195466694074,21.554285714285726,97.21839134948097
Quintana Roo,64.30554504779187,68.38412496214946,4.078579914357578,79.86916739037295,35.697324301871745,104.0814492640212,0.21106016475720427,6.048571428571435,35.14632307098766
Ratchaburi Province,57.46936880990356,84.43821829225735,26.968849482353786,138.7007917683727,1.2349533875521956e-06,84.43821952721073,2.329407465123252,21.56571428571428,0.0
Rayong Province,59.486862323205,69.80806446516127,10.321202141956256,78.18201302991369,20.748191042203914,90.55625550736518,1.834899717702912,21.23857142857142,24.139529251700683
Region Zealand,57.641202257251535,58.74072518405025,1.099522926798714,41.791118815919134,6.585846067167353,65.3265712512176,0.8850818802018142,12.377142857142871,75.66173877551016
Region of Murcia,58.30812199272095,60.98683685098846,2.678714858267511,106.6299610219872,34.49417138849223,95.48100823948069,1.500290646396298,45.150000000000006,130.0344396734694
Region of Southern Denmark,57.513744935744064,59.17071386495265,1.656968929208588,49.91434995633288,7.465907182366003,66.63662104731866,0.858012724934909,15.394285714285715,30.462469387755107
Rhineland-Palatinate,59.55431790520427,64.4162597453867,4.861941840182427,61.883575114115985,3.583792088289769,68.00005183367647,0.8502440239119322,5.387142857142862,12.345468750000002
Rhode Island,60.334258793380904,63.79430967943514,3.460050886054233,56.89862037165597,31.917170443261902,95.71148012269704,1.593482762828085,22.725714285714275,87.97449208984375
Rhône-Alpes Region,60.40091255724672,63.56551014875651,3.164597591509785,90.450092465115,36.21120309500797,99.77671324376448,2.0410077045716934,9.857142857142861,77.64601944444445
Rio Grande do Norte,61.51567130628034,66.3339100220731,4.81823871579276,54.97470390346064,2.666077520193042,68.99998754226614,0.42060120496282766,-13.045714285714297,5.040025000000004
Rio Grande do Sul,61.810036410240244,65.01940278106294,3.209366370822688,68.6783586804864,3.9806177559632374,69.00002053702617,0.6073526235590565,-3.894285714285715,57.17956875000001
Rio de Janeiro (state),60.24490869636795,64.60429399609998,4.359385299732032,76.41997979567992,1.3931831941392545,65.99747719023924,0.2359986381414288,-10.067142857142855,0.0
Rogaland,57.156138429926365,59.352375373521404,2.19623694359504,46.80728410668497,2.6476216168372915,61.999996990358696,0.9307108222467262,2.462857142857146,7.398399999999993
Roi Et Province,67.98083604806985,71.73604702117825,3.755210973108408,63.93382894177328,20.263960253891838,92.00000727507009,1.9505706231546245,22.175714285714278,98.2558276643991
Rondônia,63.33318226312336,65.55038099666386,2.2171987335405006,38.96650215409376,3.4496210278889805,69.00000202455284,0.5990744134806186,15.164285714285725,74.27911874999997
Roraima,41.96814448434793,42.027094342321575,0.05894985797365054,11.85848955153861,40.97302268710652,83.0001170294281,0.6773244031509137,2.6014285714285563,390.660610707912
Roscommon,59.48791525119522,66.16499948870772,6.677084237512506,78.74370565660412,23.835036186511815,90.00003567521954,0.3736671963657533,21.45714285714284,184.89534149305555
Sa Kaeo Province,60.019367678566994,72.05129007795998,12.031922399392982,96.6987834153973,17.696615432843316,89.74790551080329,1.5791370722403846,34.16142857142856,33.84258546712804
Saarland,59.40643534794293,64.66766708561447,5.261231737671543,67.78644444150657,3.3323701378633217,68.00003722347779,0.9947165678241402,9.031428571428577,15.574118750000007
Saga Prefecture,81.40605613690498,87.0452994954119,5.639243358506905,57.26935215365123,31.206751248811457,118.25205074422335,0.6480411377676353,46.791428571428554,49.1825223725286
Saitama Prefecture,74.32616834615719,74.37850945383097,0.05234110767377253,32.43013811665425,127.08675532117202,201.465264775003,0.07965414286770844,23.785714285714292,100.77411703191079
Sakon Nakhon Province,62.73669010843655,72.08790892057657,9.351218812140022,90.41399765517022,19.74588234819541,91.83379126877198,1.6418732343377807,26.325714285714284,68.89300332409974
Salzburg,56.717123160094,62.744412356157646,6.027289196063643,125.66901074866776,1.2555470759724159,63.99995943213006,0.820956955823444,46.23857142857142,0.0
Samut Prakan Province,54.41728106024685,69.80816933750705,15.390888277260201,65.78586076806451,20.573478505599255,90.38164784310631,0.9718374234222438,-6.044285714285721,13.530884807256237
Samut Sakhon Province,57.782154949298324,82.57247994033396,24.790324991035636,109.92197127834692,1.0095065420046012e-05,82.57249003539938,1.9046268223956189,6.221428571428561,0.0
Samut Songkhram Province,60.709601138687596,71.9815057041008,11.271904565413207,119.03408358199151,21.137391798254924,93.11889750235572,2.4567372195017496,47.64714285714285,52.987114876033075
San Luis Potosí,64.57039158252456,67.98775135129435,3.4173597687697783,63.76742778923044,27.97944911621174,95.96720046750609,0.8851166304569162,13.027142857142863,106.7012025510204
Santa Catarina,61.1861659945952,64.69489602548747,3.5087300308922607,65.94830275476528,2.3050360866334927,66.99993211212096,0.6046516252058548,-24.862857142857138,24.651224999999997
Santiago Metropolitan Region,62.28921264325401,64.50344480707498,2.214232163820977,66.579306084986,12.496601526059578,77.00004633313456,0.3619591546041268,6.945714285714288,141.76306745562127
Saraburi Province,62.643243898517085,73.03412720809158,10.390883309574495,91.04642985604653,15.609211876326782,88.64333908441836,1.7019610828030447,24.820000000000007,10.275709333333339
Saskatchewan,60.352950528990334,65.34906754600486,4.996117017014533,57.27067132280319,18.54832917387712,83.89739671988198,1.3307520135776034,22.337142857142837,84.42352006172841
Satakunta,56.33194913770656,58.93974624757924,2.607797109872678,34.421698659260905,19.06020374787134,77.99994999545058,1.0925645488157876,26.587142857142865,89.92800277008308
Saxony,60.152806018634934,64.30439227970899,4.15158626107406,58.355643922129126,23.907540410502136,88.21193269021113,1.3494056906679688,5.9957142857142856,90.34981666666665
Saxony-Anhalt,59.32582747050098,63.64692663398951,4.32109916348853,56.54862636279502,25.35308247491905,89.00000910890856,1.3419778475953168,10.234285714285718,73.73245621301776
Scania County,57.14144630724375,59.8944776129262,2.7530313056824505,29.177828042316023,3.9544991301960835,63.848976743122286,0.5807182048865622,12.652857142857144,40.15286875000005
Schleswig-Holstein,59.375275687860515,62.601939927488026,3.2266642396275116,55.15595061225073,25.150942976742535,87.75288290423056,1.367849713047118,13.405714285714296,58.15134143999999
Scotland,62.18042889653726,68.82917932133529,6.648750424798027,78.95625406765029,6.170846352929203,75.00002567426449,0.4557815789335529,13.55714285714285,103.65985306122447
Seoul,6.576697570857149,38.905766473874465,32.329068903017316,109.08349905650302,13.094212661419036,51.9999791352935,0.319628900679161,-55.96142857142858,119.57833609467455
Sergipe,61.49741255392161,65.33662374355032,3.839211189628713,52.362647751931014,4.6634154708686,70.00003921441892,0.45354216830796495,-11.099999999999994,110.61784
Shiga Prefecture,81.45889196580232,86.51071986072036,5.051827894918025,57.91958964177737,17.035455074507723,103.54617493522808,0.17140171274145494,57.53714285714287,71.04310865051902
Shimane Prefecture,83.97742830411231,87.63842331410767,3.660995009995368,68.15057272488832,12.362844243619918,100.00126755772759,0.1268388755086549,56.917142857142835,99.03903786982248
Shizuoka Prefecture,79.27573782829786,84.87592556614139,5.600187737843527,57.48189740988238,16.519834030773055,101.39575959691444,0.10461447032259333,62.8557142857143,56.83886920415222
Si Sa Ket Province,67.68873712405471,71.10520152116737,3.416464397112676,74.23857214970076,18.97270251892688,90.07790404009425,1.9943860125899933,37.86857142857144,57.92590083102491
Sicily Region,53.27804398428401,57.048628392589634,3.7705844083056195,86.09304050340653,39.951374148911,97.00000254150063,1.3324559612172215,7.497142857142862,32.93381875
Silesia Province,56.66829201785998,60.91006202525662,4.2417700073966405,70.06587357865135,29.089939102110066,90.00000112736669,1.4454433161360845,3.4371428571428595,57.928211222222224
Sinaloa,65.36594476334683,69.63114976316506,4.265204999818233,63.14809621379077,31.169921266204497,100.80107102936955,1.131887208604971,7.289999999999992,58.04323995837669
Sing Buri Province,68.95002705269796,71.21763868115063,2.267611628452662,85.77946842289096,26.487064357678264,97.7047030388289,2.4007875359225754,27.300000000000026,88.27109423076924
Sligo,59.37690523917995,68.367201932385,8.990296693205057,95.88018897904091,21.63295415104102,90.00015608342602,0.9857415360553826,29.462857142857132,212.65459256198346
Somogy County,59.70523746617038,63.35725838283927,3.6520209166688846,48.6476962546006,26.280134866179303,89.63739324901857,2.1709636631478086,6.141428571428591,109.5050846153846
Songkhla Province,76.8102540492547,97.68906043031222,20.878806381057533,43.19687526673889,-3.7639688770241264e-06,97.68905666634335,1.0776434541489641,-7.427142857142854,0.0
Sonora,64.11096504786693,66.1543930439058,2.0434279960388757,64.51387929732486,31.072685451910147,97.22707849581595,1.096790131646277,23.840000000000003,79.05449490114462
South Australia,62.76655562338274,69.0447930740867,6.278237450703953,49.938778770403,19.955200888091994,88.99999396217869,0.679951005520352,2.9257142857142924,72.47293019390581
South Bohemia Region,58.72202938980809,62.8179330276323,4.0959036378242075,80.09394209385391,1.1819709314616063,63.999903959093906,1.7883866087311102,30.148571428571444,0.0
South Carolina,63.90328227788714,67.01511606022319,3.1118337823360442,47.096499637139395,28.813951257777646,95.82906731800084,2.285566366297536,26.67,122.56718099489797
South Dakota,62.41916190765476,66.30732949526649,3.888167587611729,44.619552331714715,24.085046277030372,90.39237577229686,2.416579571841897,37.561428571428564,80.5948998263889
South Holland,58.53176398697069,60.997813931392045,2.466049944421358,56.21782262522254,15.002397996479388,76.00021192787143,0.5717672021536481,-2.250000000000014,60.056573437500006
South Karelia,56.36024300973769,59.176878283255306,2.8166352735176146,44.063094483067566,31.02953194884374,90.20641023209905,1.7054530276729307,32.34714285714287,99.17320312174816
South Moravian Region,59.423458489435895,61.54542428645839,2.1219657970225,68.20141486597375,6.969866664482929,68.51529095094132,1.114834976500838,18.398571428571444,34.46072653061221
South Ostrobothnia,57.71691137847641,60.96502134627109,3.248109967794677,38.28499943197341,23.262631583937264,84.22765293020835,1.0453069569136224,15.978571428571428,95.79790763888889
South Savo,56.78715935385734,61.04401425009173,4.256854896234381,54.7138784530366,31.27651307426121,92.32052732435294,2.7819538988244523,39.72,117.06735150884495
Southern District,57.95757172364047,61.372621753844996,3.4150500302045295,62.67658413812002,30.627348267896622,91.99997002174162,1.4099344800555178,23.120000000000005,89.54513555555555
Southland Region,62.30592740192946,70.00896967243666,7.7030422705072,91.98325747463494,24.56789748231202,94.57686715474868,1.5238396883014125,0.5914285714285796,61.28167065972222
Southwest Finland,57.086635272458714,59.72106903649422,2.6344337640355047,37.37942813390179,17.701665309258168,77.42273434575239,0.8337674072327959,14.745714285714286,37.19841265432098
State of Mexico,63.41808425175733,68.43654538800939,5.0184611362520695,57.455961343831675,43.64394587936941,112.0804912673788,0.5605944363264391,-5.05285714285715,37.26004462809919
Stockholm County,57.336512088558614,60.19291830302047,2.8564062144618494,34.21242749896483,9.929637757359934,70.1225560603804,0.6099687354923495,1.1585714285714346,21.697040999999995
Styria,58.382004697942534,61.391662422273114,3.0096577243305833,77.35691926280579,13.444243159735322,74.83590558200844,1.1316218369104798,6.687142857142845,53.26356331360945
Subcarpathia Province,56.636307033383645,62.30913405481216,5.672827021428515,64.22348116061404,27.627894185474602,89.93702824028676,1.8330943868783167,-5.598571428571418,21.889253772290814
Suphan Buri Province,38.17363210314713,95.19562619542612,57.02199409227898,109.07235630044299,-0.002688198385328633,95.19293799704079,2.025375080362087,59.69428571428571,0.0
Surat Thani Province,61.28618020475652,70.22302560836293,8.93684540360641,85.30900452327431,27.557075958159047,97.78010156652198,0.7282041839795508,-3.4599999999999937,38.02136817558299
Surin Province,68.10247965876772,70.82830384123776,2.725824182470043,73.01723094682458,20.38853019326156,91.21683403449931,1.7358155645237647,29.707142857142856,95.21267936507937
Swietokrzyskie Province,55.47175937402323,61.642439439499945,6.170680065476723,82.18643522604785,28.35756081348068,90.00000025298063,2.1624408354939004,22.69714285714285,45.94519667063021
Szabolcs-Szatmár-Bereg County,58.45971013504116,62.71397232026756,4.254262185226389,39.28575276262739,12.286024072631392,74.99999639289895,0.8570677869630502,-9.135714285714286,47.90212222222223
São Paulo (state),61.8973359719035,65.18173925983733,3.284403287933823,69.09491259891303,3.8182588789440075,68.99999813878134,0.36317608140214347,0.8985714285714295,8.759355555555544
Södermanland County,57.09997916295299,59.12511847626557,2.0251393133125806,27.712072177439936,17.58073535605557,76.70585383232114,0.7789177173902093,22.174285714285716,43.90959100346021
Tabasco,64.72608054893344,68.67254676058953,3.9464662116560802,68.58738297966615,21.327490193263827,90.00003695385335,0.25733095159407865,8.46142857142857,77.73100268595041
Taichung City,63.05055762698157,75.93467991035624,12.884122283374664,23.460233854261993,48.39773006494828,124.33240997530451,-12.520247317320033,10.071428571428584,162.0312054977093
Tainan City,82.95987118591083,83.02547154843572,0.0656003625249017,35.18058831797601,17.974529156537116,101.00000070497283,0.6998075569973559,9.164285714285711,206.9132533950617
Taipei City,8.990226302837117,9.059686690570816,0.06946038773369904,32.743041982082495,112.94040057703452,122.00008726760534,-6.361134420103364,,149.47651856840787
Tak Province,65.09622328927667,74.14070637292518,9.044483083648506,78.29372502843042,16.859237663326127,90.9999440362513,1.220957770749038,4.205714285714279,10.906718359374999
Tamaulipas,63.81859790482724,66.51172185342028,2.693123948593042,54.70779935192568,25.86723750544995,92.37895935887023,1.2747096472347872,13.344285714285704,81.31889600591717
Tampere Region,57.46429678115293,60.32237977659509,2.858082995442159,39.6813525492445,25.073602295853128,85.39598207244822,1.1894089019650387,15.065714285714307,47.86440063999999
Taranaki Region,65.773690578034,69.9331464734548,4.159455895420799,89.7633111073723,25.4817754492572,95.414921922712,2.0111743352565394,0.5028571428571382,145.17171671597634
Tarapacá Region,59.83137263378881,65.88025308556811,6.048880451779311,83.51968527783002,3.1197183923004985,68.99997147786861,0.5179727975709388,14.414285714285725,32.09686666666664
Tasman District,63.461062833047045,70.67297264359878,7.211909810551741,83.35821268948108,20.625452428036084,91.29842507163487,0.9180309645582614,-14.291428571428568,69.62254739229026
Tasmania,61.29652877192606,69.74889926268725,8.452370490761178,58.50290514952624,19.251095070887573,88.99999433357482,0.35619234288420143,-18.895714285714277,46.36796897506925
Tel Aviv District,58.257409520545444,61.70680991742831,3.449400396882864,73.89697125131934,30.29317742196107,91.99998733938938,1.4070147254292202,11.431428571428583,107.2718778888889
Tennessee,62.493648606407916,66.02368714330332,3.530038536895406,49.633823479388646,23.976312724902442,89.99999986820576,1.5445562401876263,28.132857142857148,70.81208695652177
Texas,62.08083628096053,65.61407760265108,3.533241321690545,56.427925815197604,24.28980382642932,89.9038814290804,1.2954035260505836,20.42857142857143,77.20482065972223
Thuringia,58.66590972557051,62.506529903005934,3.840620177435424,54.72472459232306,24.096355831688136,86.60288573469407,1.1805585813306945,11.46714285714286,72.02169149305557
Tipperary,59.607570877079134,68.63616008541953,9.028589208340396,96.63543740671265,21.363822487842626,89.99998257326216,0.5948556762216967,40.8642857142857,245.69473786848067
Tlaxcala,64.95349347548164,68.33251882880354,3.379025353321895,59.46589916576276,36.66747409677954,104.99999292558309,0.6937104836259456,10.97142857142856,63.62574969135801
Tocantins,63.67679590549106,64.96839406475182,1.2915981592607648,37.37818658799679,4.031624235642624,69.00001830039444,0.5910169774789411,4.008571428571415,122.18860000000002
Tochigi Prefecture,79.4519865006094,86.03947103830833,6.587484537698951,54.582197515801866,26.960527608883112,112.99999864719145,0.77053662018091,48.40428571428569,42.35950000000001
Tokushima Prefecture,82.88843204107208,87.16591449081609,4.277482449744002,50.661225213447906,3.8336434691266135,90.9995579599427,-0.2158782465490861,47.089999999999975,55.564955555555606
Tokyo (Prefecture),73.97553275188007,74.05077370403357,0.07524095215349917,38.36885945826039,64.53470966813212,138.5854833721657,0.0782956557933294,7.301428571428573,58.32051172625912
Tolna County,57.91859945188129,62.519564339284585,4.600964887403296,50.05680217420046,26.089541767089514,88.6091061063741,1.254957063410391,14.925714285714292,126.47262485207102
Tottori Prefecture,83.66893157856316,87.20807281023625,3.5391412316730837,61.29583026947196,0.789965108577249,87.9980379188135,-0.013027923073809773,60.31571428571428,0.0
Trang Province,68.10825346262554,72.41558483230081,4.307331369675273,75.18820148703892,26.58437536847184,98.99996020077265,0.9121122499274867,13.878571428571405,60.47872485207103
Trat Province,59.900233153199125,75.67151273222576,15.771279579026643,92.56439330792078,1.3192048271548629e-06,75.67151405143059,0.6399195187338811,-13.318571428571431,0.0
Trenčín Region,56.26290225924016,59.08499588160125,2.8220936223610966,53.23190205846766,28.915006023746834,88.00000190534809,1.7215522303146684,14.858571428571423,153.01193151010702
Trnava Region,56.29411232285738,59.30530725471498,3.0111949318576063,47.83605959035946,16.87063416942417,76.17594142413915,0.9728790127873198,-3.5914285714285796,66.83878754325258
Troms og Finnmark,58.05099473237027,61.01728980404337,2.966295071673104,62.08566862078899,19.31444571676279,80.33173552080616,0.8792306365474013,10.561428571428578,39.51567590027702
Trøndelag,57.468471498404696,60.10943688867553,2.640965390270839,54.48441455853669,8.292853571017176,68.40229045969271,1.0046569596448243,4.928571428571431,38.84659843749998
Tuscany Region,50.114638813659916,56.82350399709694,6.708865183437032,97.77862503355172,40.736141786659026,97.55964578375597,1.1420186777897048,25.560000000000016,45.61039809637119
Tyrol,56.903759994148004,62.831105762810296,5.927345768662288,148.34101427902723,1.1693688008698757,64.00047456368017,0.6957657650612642,64.6442857142857,107.226025
Ubon Ratchathani Province,65.99238933150241,71.56299553395507,5.570606202452664,56.846684659794434,22.823632434719954,94.38662796867503,1.5811800709990986,13.112857142857152,24.630156143667296
Udon Thani Province,62.23629264873559,71.8825452141747,9.646252565439102,69.14785554449313,20.464915972023505,92.3474611861982,1.25017326166337,3.3142857142857025,17.173758276643987
Umbria Region,52.8895650915223,57.81349612382439,4.923931032302086,95.51874982011815,32.77249657219255,90.58599269601694,0.8997286894421959,24.34142857142858,36.804766574839306
Upper Austria,58.378058630484915,61.4549815022756,3.076922871790688,71.80445948116945,13.896928870467093,75.3519103727427,1.2127611408975587,4.987142857142857,55.3096142857143
Upper Normandy Region,60.51228259503283,62.96355123345501,2.451268638422179,73.25095063121172,34.06028028788468,97.02383152133969,2.0795116043842095,1.6071428571428612,75.55308848979593
Uppsala County,56.32593110975835,59.86504525731092,3.5391141475525663,32.99364914906644,17.134973738587398,77.00001899589832,0.6987189462618345,25.741428571428585,41.762849691358014
Utah,61.624988022086065,65.17875280514086,3.553764783054794,50.38945885066585,24.82124907400754,90.0000018791484,1.7784147091440892,25.44142857142856,115.75922144
Uusimaa,57.75428390538991,60.69500371674313,2.9407198113532176,40.605796668351196,16.032423924129688,76.72742764087282,0.7937039092289091,9.212857142857146,27.853783984375013
Valencian Community,58.79534349748775,61.3413504336133,2.54600693612555,106.27736191991956,28.658632837840784,89.99998327145408,0.8270867481335361,29.3857142857143,40.75897385204081
Valparaíso Region,51.14068410708802,61.41173463678321,10.271050529695188,110.23234244566122,11.587908271202295,72.9996429079855,0.28734892253049305,39.64714285714288,481.40518181818186
Vas County,59.54200305401916,63.79223129837966,4.250228244360494,66.62011941510185,5.207776888815502,69.00000818719516,0.9039133672490454,11.472857142857137,24.897891666666656
Veneto Region,49.18814373655908,57.27061785097535,8.082474114416272,95.18151527447222,39.169997096374225,96.44061494734957,1.2914589449432354,25.871428571428552,26.530223274161735
Veracruz,64.40657402122643,67.63263860338863,3.2260645821621945,59.85529737878301,36.367427516623465,104.0000661200121,0.6974531667729985,5.337142857142865,67.20716026296564
Vermont,59.601506814289216,64.80650213921089,5.204995324921681,77.1306097960874,22.497603910039317,87.30410604925021,1.1360218476905288,21.978571428571428,45.911903591682425
Vestfold og Telemark,57.020339738699434,59.74118332617017,2.720843587470736,55.1550320483089,2.2589056977344555,62.00008902390463,1.0365306994963315,13.700000000000003,81.08775555555555
Vestland,57.627962079984314,60.8084108794492,3.180448799464877,59.60587537015901,1.1915766145604962,61.999987494009694,1.0474216379513235,7.888571428571439,0.0
Veszprém County,62.310468011062326,62.350360011726906,0.039892000664575565,46.3142936622442,29.36006095158254,91.71042096330945,2.8421011519607906,28.4157142857143,276.9564649227111
Victoria,62.21268703361479,69.61022815697049,7.397541123355707,63.807224784866946,25.31062353766403,94.92085169463452,0.7963703716820011,8.602857142857147,133.45732864
Viken,57.080901436803714,59.578129516416254,2.497228079612539,59.68359891361575,2.421864838578351,61.999994354994605,0.9247347211987668,11.104285714285723,19.05322500000002
Virgin Islands,64.1974706319387,68.52639471761339,4.3289240856746956,71.49013827776392,32.26195996892318,100.78835468653656,0.5531914890300051,8.490000000000009,50.587978808593746
Virginia,61.634700745855504,65.59704215994155,3.9623414140860507,49.57100241028891,24.402968463624532,90.00001062356608,1.1294505244024178,16.824285714285708,62.410242239999995
Vorarlberg,57.82859223387992,62.62263968462983,4.794047450749911,107.84407994652767,2.3771945893798545,64.99983427400969,0.7673106225576255,38.62142857142857,6.325225000000003
Vysočina Region,59.7810089500893,62.343318406516175,2.562309456426869,63.32836770951458,5.656681530335845,67.99999993685202,1.5310839409961678,29.91428571428574,83.33497599999998
Värmland County,62.313146352701864,62.35490170647077,0.04175535376890188,60.45674776259381,27.639059996856005,89.99396170332678,0.6289155775626142,52.14285714285714,307.5325283950618
Västerbotten County,61.955062955323875,62.04107635693651,0.08601340161263757,28.46186571176398,35.09358572974464,97.13466208668115,0.9404812686904612,33.50285714285715,80.2634313469388
Västernorrland County,56.66940211071635,59.78025275540338,3.110850644687028,28.029606922387106,28.217940759421197,87.99819351482458,0.9703189379525118,54.51000000000002,82.4591381377551
Västmanland County,56.35341503978447,58.43384229836216,2.0804272585776857,28.64202779728898,29.843077797849837,88.276920096212,0.8970463329466507,38.47999999999999,61.40697788888888
Västra Götaland County,57.38014945959239,60.22620990391215,2.8460604443197672,35.22063715442866,3.7738100384924707,64.00001994240462,0.5624742933006467,18.615714285714276,44.675625
Waikato Region,63.155721523137984,70.54549275754435,7.389771234406373,98.09614808418422,25.79252241071923,96.33801516826358,1.8678501286846412,-0.18285714285714505,105.53817707100596
Wakayama Prefecture,82.53058911480389,85.89900588786298,3.3684167730590864,48.0167459000062,-126.99115457849342,-41.09214869063044,-0.2041212644653727,44.44428571428571,0.0
Wales,62.09444023091715,69.12314957025576,7.028709339338614,77.31755067788343,5.876828397132883,74.99997796738865,0.4368531207611583,10.412857142857135,61.37355999999998
Walloon Brabant Province,58.952855269260745,62.158537732046135,3.2056824627853957,73.45946866689364,33.95972142905203,96.11825916109817,1.5307443842406825,6.695714285714303,58.3277660899654
Warmia-Masuria Province,57.17846209963588,61.539951372762644,4.36148927312676,59.80400290603762,28.460062404368614,90.00001377713126,2.2621526716006306,3.317142857142855,36.0451172413793
Washington,58.2257868591448,66.15341046268301,7.927623603538215,75.70683967319061,16.846484512703626,82.99989497538664,1.1678166549147804,36.37714285714284,125.48607500000003
Waterford,60.129792821983195,71.20699207971457,11.077199257731374,101.8437191673721,10.792954680341879,81.99994676005645,0.6656396813270207,39.82428571428571,403.657636
Wellington Region,64.95256468538845,71.12237662594784,6.1698119405593825,100.04612825892985,24.974657069098072,96.09703369504591,2.0861845826659886,18.179999999999993,59.011413759999996
West Coast Region,62.652781142481906,68.99460610384963,6.341824961367726,87.75573289912931,32.55036300485729,101.54496910870692,0.7938734502878841,-10.444285714285712,60.48911313131313
West Flanders Province,58.475006426982034,61.580016646534744,3.105010219552708,68.76237975183471,28.34341748303801,89.92343412957275,1.0711848668047657,17.700000000000003,93.44569897959184
West Pomeranian Province,58.68059215777092,62.968359622913056,4.287767465142132,73.58923066556393,28.031641960605924,91.00000158351898,2.1899680986234906,16.37571428571428,64.33845873959571
West Virginia,62.83818018656709,66.30993862142256,3.471758434855475,45.58073091276548,23.690061173192262,89.99999979461482,1.6459265307950182,20.74000000000001,51.27203894139884
Western Australia,62.69994444661603,71.03526164929261,8.335317202676581,52.21842813400042,17.96473349486355,88.99999514415616,0.869586041939019,-0.5457142857142969,63.31441453287198
Western Cape,63.17061316263121,72.67551385800894,9.504900695377723,117.72312244607407,3.38393088434826,76.0594447423572,0.7228516912782745,14.634285714285738,585.2851249999999
Westmeath,59.08837961964613,63.76734617681326,4.678966557167126,94.38879393984621,46.59985131305396,110.36719748986722,1.490967057017714,30.34714285714287,139.83669298325032
Wexford,60.458465494771524,70.54005232555349,10.081586830781973,87.16059903746614,19.45994384920006,89.99999617475355,0.7783717432167433,34.07428571428571,227.29692520775623
Wicklow,64.45939040621846,74.28077710569355,9.821386699475088,102.28239053453024,2.7191959130180265,76.99997301871157,0.596726905484143,27.78285714285714,200.22250000000008
Wisconsin,61.241749608807275,63.82905555906293,2.58730595025565,53.2120495125455,22.529656834847778,86.35871239391071,1.3874876843356305,24.12714285714287,75.73396483931948
Wyoming,65.10143409670852,69.10438535630038,4.002951259591854,40.585108875032034,23.49386124630226,92.59824660260264,2.45236748666191,27.102857142857133,70.45736483931948
Yamagata Prefecture,80.7007867714036,84.53594638770046,3.8351596162968677,57.769330556466166,21.464144324313366,106.00009071201383,0.5965738298392397,61.995714285714286,60.05560847107436
Yamaguchi Prefecture,83.68370759092582,87.24960834066295,3.5659007497371165,56.11693024274786,19.702885523238507,106.95249386390145,0.33372617278963274,48.24857142857144,58.922861495844856
Yamanashi Prefecture,78.66215610439076,84.57278061462247,5.910624510231704,62.7936972211702,-121.46178227435097,-36.88900165972849,-0.26920547398156,60.812857142857155,17.795984000000004
Yucatán,62.94906090314714,65.58331529176385,2.6342543886167173,78.6063072216021,24.416680609851383,89.99999590161524,0.27680138017967143,4.138571428571439,78.32213593750002
Yukon Territory,67.99645047908656,68.07146652843561,0.07501604934905819,35.13020361791884,13.037645334899665,81.10911186333527,1.153806220337522,12.460000000000008,84.1419289940828
Zacatecas,65.74962586121305,68.48172065513825,2.7320947939252136,46.851834638125275,24.564493354321655,93.0462140094599,0.47189198068264515,-10.598571428571418,41.48057504000002
Zala County,59.55047143602102,63.367473013393116,3.8170015773721016,53.3673100387977,24.76309188637483,88.13056489976795,1.3539797184927593,8.894285714285715,93.87685024000001
Zeeland,58.10369864983535,62.36795522145428,4.264256571618937,49.04935671413504,28.23730913488052,90.6052643563348,1.2709353893756086,13.007142857142853,40.80718469387755
Zlín Region,57.255222907385516,61.591981708996414,4.336758801610902,67.81987205999107,6.123483816402867,67.71546552539928,1.3622925339803902,24.832857142857137,53.2993472222222
Île-de-France Region,58.998201559923935,62.92833561902014,3.930134059096206,70.76736299783565,46.93450914623002,109.86284476525016,2.9946785670353675,-15.508571428571415,38.242162698053406
Örebro County,56.24317278782448,57.81873309450663,1.5755603066821535,26.914363787994322,19.463223105798775,77.2819562003054,0.6542449122851286,28.155714285714282,61.979783999999974
Östergötland County,57.40627205609725,59.82484288194276,2.4185708258455083,29.659132634208383,4.175133356590585,63.99997623853334,0.6700439733683011,14.534285714285716,37.29706874999995
Ústí nad Labem Region,59.433763235712625,62.41156633022066,2.9778030945080274,57.24381941170049,0.5884225878089495,62.99998891802961,1.218318896255219,15.027142857142863,0.0
Žilina Region,53.82395570227792,59.16181084985984,5.337855147581924,87.9960468880559,23.52905536099569,82.69086621085553,1.2331748461768035,45.782857142857154,92.41564234404537
